model_id,artifact_id,artifact_name,artifact_extension,file_size_bytes,artifact_status,created_at,updated_at,signed_download_url
30566b0c-4de2-4825-ac28-572bdf4ef39a,1a98abe2-76ca-4988-bd8d-2264f51a6649,cameo_model_output,mdzip,,awaiting_upload_post_processing,2024-09-09T00:45:13.894320,2024-09-09T00:46:31.687450,https://s3.us-east-1.amazonaws.com/istari-file-service-auth-dev/267cfd55-d2c3-4faa-b8a3-36687f372ab1?X-Amz-Algorithm=AWS4-HMAC-SHA256&X-Amz-Credential=AKIAYKVZV47CU4P6Y7II%2F20240909%2Fus-east-1%2Fs3%2Faws4_request&X-Amz-Date=20240909T113321Z&X-Amz-Expires=30&X-Amz-SignedHeaders=host&X-Amz-Signature=a5990edc19c70d21bb62d05a3a41a02ec20dde3593dc9ddd86daea0a6cb99a60
30566b0c-4de2-4825-ac28-572bdf4ef39a,09154de2-70c5-48f3-bdef-ac3aeea18110,Diagram Resupply Logistics Mission Context.png,png,,awaiting_upload_post_processing,2024-09-09T00:46:32.017061,2024-09-09T00:46:32.295502,https://s3.us-east-1.amazonaws.com/istari-file-service-auth-dev/b2c1f361-4dbd-4609-8ce7-acbd92f675c2?X-Amz-Algorithm=AWS4-HMAC-SHA256&X-Amz-Credential=AKIAYKVZV47CU4P6Y7II%2F20240909%2Fus-east-1%2Fs3%2Faws4_request&X-Amz-Date=20240909T113321Z&X-Amz-Expires=30&X-Amz-SignedHeaders=host&X-Amz-Signature=7e493daa0eb8020ab587d573b83325e01f851a47d3f3b285baff498036509bd1
30566b0c-4de2-4825-ac28-572bdf4ef39a,0cc84e5f-eaae-41c2-ad5a-4b6db17f976b,Diagram PowerRollUpPattern.png,png,,awaiting_upload_post_processing,2024-09-09T00:46:32.631939,2024-09-09T00:46:32.844350,https://s3.us-east-1.amazonaws.com/istari-file-service-auth-dev/c5b4bb86-4eb8-4d57-8252-849d03ef5c22?X-Amz-Algorithm=AWS4-HMAC-SHA256&X-Amz-Credential=AKIAYKVZV47CU4P6Y7II%2F20240909%2Fus-east-1%2Fs3%2Faws4_request&X-Amz-Date=20240909T113321Z&X-Amz-Expires=30&X-Amz-SignedHeaders=host&X-Amz-Signature=6fb631efd3e8dc37cb56655ec9b56e94873c8c3403b7052c0f393b2a633b59c5
30566b0c-4de2-4825-ac28-572bdf4ef39a,e89f2f92-7819-4fb4-a78c-5efe9cdae29d,Diagram System_requirements.png,png,,awaiting_upload_post_processing,2024-09-09T00:46:33.183863,2024-09-09T00:46:33.408842,https://s3.us-east-1.amazonaws.com/istari-file-service-auth-dev/492a84a1-44af-41e5-8678-aa7e45ad4c5b?X-Amz-Algorithm=AWS4-HMAC-SHA256&X-Amz-Credential=AKIAYKVZV47CU4P6Y7II%2F20240909%2Fus-east-1%2Fs3%2Faws4_request&X-Amz-Date=20240909T113321Z&X-Amz-Expires=30&X-Amz-SignedHeaders=host&X-Amz-Signature=7bbc65a0db43d1b9a72e8b771d9e3e0c5e93d930577de680d123d747938d0995
30566b0c-4de2-4825-ac28-572bdf4ef39a,9db31fe3-bcd9-4c71-958f-f65eeeea18e3,Diagram requirement verification.png,png,,awaiting_upload_post_processing,2024-09-09T00:46:33.800545,2024-09-09T00:46:34.018187,https://s3.us-east-1.amazonaws.com/istari-file-service-auth-dev/1e339b64-5c0c-41e7-b689-c3c8be4215f6?X-Amz-Algorithm=AWS4-HMAC-SHA256&X-Amz-Credential=AKIAYKVZV47CU4P6Y7II%2F20240909%2Fus-east-1%2Fs3%2Faws4_request&X-Amz-Date=20240909T113321Z&X-Amz-Expires=30&X-Amz-SignedHeaders=host&X-Amz-Signature=33c6f2f3641123a827544afb6dfae666a4cebd5c0ec4c53c5a5e119b0103b989
30566b0c-4de2-4825-ac28-572bdf4ef39a,0066097d-0ea8-48b3-8c1c-2569167e6698,Diagram StereotypeRelations.png,png,,awaiting_upload_post_processing,2024-09-09T00:46:34.288993,2024-09-09T00:46:34.509184,https://s3.us-east-1.amazonaws.com/istari-file-service-auth-dev/16894b7c-a26b-4328-bd9e-e93f5d01427f?X-Amz-Algorithm=AWS4-HMAC-SHA256&X-Amz-Credential=AKIAYKVZV47CU4P6Y7II%2F20240909%2Fus-east-1%2Fs3%2Faws4_request&X-Amz-Date=20240909T113322Z&X-Amz-Expires=30&X-Amz-SignedHeaders=host&X-Amz-Signature=3dbcf5d66a4b3084f72d937b8786e41cf5d2f84904fb619149ef7530bd3b8363
30566b0c-4de2-4825-ac28-572bdf4ef39a,e7507db4-a5ea-49c9-b0f1-7b1406b95547,Diagram ReqIF Identifiable Model.png,png,,awaiting_upload_post_processing,2024-09-09T00:46:34.841170,2024-09-09T00:46:35.072873,https://s3.us-east-1.amazonaws.com/istari-file-service-auth-dev/63e240a4-3355-4375-9589-6f5e5a82a454?X-Amz-Algorithm=AWS4-HMAC-SHA256&X-Amz-Credential=AKIAYKVZV47CU4P6Y7II%2F20240909%2Fus-east-1%2Fs3%2Faws4_request&X-Amz-Date=20240909T113322Z&X-Amz-Expires=30&X-Amz-SignedHeaders=host&X-Amz-Signature=e99345736117a686e88cf1688b11fa5b75e0779684ec41b7b8faf157f72fddbb
30566b0c-4de2-4825-ac28-572bdf4ef39a,b9343647-1a6a-498b-bc31-cb3101db2cc3,Diagram CostRollUpPattern.png,png,,awaiting_upload_post_processing,2024-09-09T00:46:36.308204,2024-09-09T00:46:36.557701,https://s3.us-east-1.amazonaws.com/istari-file-service-auth-dev/28710f83-8671-4382-a7a6-27f173261e0e?X-Amz-Algorithm=AWS4-HMAC-SHA256&X-Amz-Credential=AKIAYKVZV47CU4P6Y7II%2F20240909%2Fus-east-1%2Fs3%2Faws4_request&X-Amz-Date=20240909T113322Z&X-Amz-Expires=30&X-Amz-SignedHeaders=host&X-Amz-Signature=fb4be8acd3fbc841c49b8101778f72844b0689f101794b7871f06cef6c1b382c
30566b0c-4de2-4825-ac28-572bdf4ef39a,53a0f12f-e777-4834-9709-0b8ea1c5b572,Diagram 2.1 Airframe Requirements.png,png,,awaiting_upload_post_processing,2024-09-09T00:46:36.809549,2024-09-09T00:46:37.032332,https://s3.us-east-1.amazonaws.com/istari-file-service-auth-dev/065b8b90-5c1b-4585-bf30-022f6f78c3b6?X-Amz-Algorithm=AWS4-HMAC-SHA256&X-Amz-Credential=AKIAYKVZV47CU4P6Y7II%2F20240909%2Fus-east-1%2Fs3%2Faws4_request&X-Amz-Date=20240909T113322Z&X-Amz-Expires=30&X-Amz-SignedHeaders=host&X-Amz-Signature=05f1aee022791029bf75740cd578b28078abe697822ea02c724e741214490509
30566b0c-4de2-4825-ac28-572bdf4ef39a,4a6a6cfe-29e5-46b5-8f3f-f2db594478d9,Diagram Istari One.png,png,,awaiting_upload_post_processing,2024-09-09T00:46:37.304592,2024-09-09T00:46:37.742870,https://s3.us-east-1.amazonaws.com/istari-file-service-auth-dev/e3c5fbac-8d99-49f8-b826-dd0cb4076e62?X-Amz-Algorithm=AWS4-HMAC-SHA256&X-Amz-Credential=AKIAYKVZV47CU4P6Y7II%2F20240909%2Fus-east-1%2Fs3%2Faws4_request&X-Amz-Date=20240909T113323Z&X-Amz-Expires=30&X-Amz-SignedHeaders=host&X-Amz-Signature=775ab64e4ef6dc865c12b4438268feacf666f033fa09ed8dfcc048727f7abea9
30566b0c-4de2-4825-ac28-572bdf4ef39a,c9e59105-3a2c-4c40-9729-f9ae78f9048f,Diagram 2 Conceptual Subsystems.png,png,,awaiting_upload_post_processing,2024-09-09T00:46:38.428713,2024-09-09T00:46:38.936497,https://s3.us-east-1.amazonaws.com/istari-file-service-auth-dev/8efd6c4a-4ae4-4227-b28f-57e445177a58?X-Amz-Algorithm=AWS4-HMAC-SHA256&X-Amz-Credential=AKIAYKVZV47CU4P6Y7II%2F20240909%2Fus-east-1%2Fs3%2Faws4_request&X-Amz-Date=20240909T113323Z&X-Amz-Expires=30&X-Amz-SignedHeaders=host&X-Amz-Signature=00c994307e5e7822d63c2cffe4f8918c9c3b6062ed972778cd7c3ca18b6b3f8e
30566b0c-4de2-4825-ac28-572bdf4ef39a,89dc8099-0fa9-47a5-9a1f-2d3f48034899,Diagram 4 Measures of Effectiveness.png,png,,awaiting_upload_post_processing,2024-09-09T00:46:39.241400,2024-09-09T00:46:39.452775,https://s3.us-east-1.amazonaws.com/istari-file-service-auth-dev/24056896-7fc5-478e-b323-d971bbe057a4?X-Amz-Algorithm=AWS4-HMAC-SHA256&X-Amz-Credential=AKIAYKVZV47CU4P6Y7II%2F20240909%2Fus-east-1%2Fs3%2Faws4_request&X-Amz-Date=20240909T113323Z&X-Amz-Expires=30&X-Amz-SignedHeaders=host&X-Amz-Signature=bc4a5fe2e588b6069a0dc98a3f34b8704392d9ada589d5f72e50158263e67188
30566b0c-4de2-4825-ac28-572bdf4ef39a,8baec1f7-e017-49fa-9c28-9aa22c2bff2b,Diagram Resupply Logistics Mission Context_1.png,png,,awaiting_upload_post_processing,2024-09-09T00:46:39.743957,2024-09-09T00:46:40.154572,https://s3.us-east-1.amazonaws.com/istari-file-service-auth-dev/ac94f75d-45ca-4a00-8105-c96a6cfcf820?X-Amz-Algorithm=AWS4-HMAC-SHA256&X-Amz-Credential=AKIAYKVZV47CU4P6Y7II%2F20240909%2Fus-east-1%2Fs3%2Faws4_request&X-Amz-Date=20240909T113323Z&X-Amz-Expires=30&X-Amz-SignedHeaders=host&X-Amz-Signature=4dc31cb74b5215ecede279ec9367bc8da46626af31e928b536daa9a6281a24ec
30566b0c-4de2-4825-ac28-572bdf4ef39a,373ccf1d-3ee9-45bd-a93e-e05362924f48,Diagram 2 System Context.png,png,,awaiting_upload_post_processing,2024-09-09T00:46:41.080627,2024-09-09T00:46:41.484452,https://s3.us-east-1.amazonaws.com/istari-file-service-auth-dev/98020b01-1156-48f9-99ff-a6d7479327ff?X-Amz-Algorithm=AWS4-HMAC-SHA256&X-Amz-Credential=AKIAYKVZV47CU4P6Y7II%2F20240909%2Fus-east-1%2Fs3%2Faws4_request&X-Amz-Date=20240909T113323Z&X-Amz-Expires=30&X-Amz-SignedHeaders=host&X-Amz-Signature=57d1461ce2d187f258b214936470bae10e81f66eb3e20cc1792dedaa7816bee2
30566b0c-4de2-4825-ac28-572bdf4ef39a,86335a7c-2539-4f78-9e26-8ad5437d2fec,Diagram 4 Measures of Effectiveness_1.png,png,,awaiting_upload_post_processing,2024-09-09T00:46:41.773620,2024-09-09T00:46:42.008467,https://s3.us-east-1.amazonaws.com/istari-file-service-auth-dev/5e6ee99d-a117-428e-a13a-82d112d64c66?X-Amz-Algorithm=AWS4-HMAC-SHA256&X-Amz-Credential=AKIAYKVZV47CU4P6Y7II%2F20240909%2Fus-east-1%2Fs3%2Faws4_request&X-Amz-Date=20240909T113324Z&X-Amz-Expires=30&X-Amz-SignedHeaders=host&X-Amz-Signature=f25393a3eacd0204b10a0a11dec6b4ce6743976f67916b4578413e0bf22b977c
30566b0c-4de2-4825-ac28-572bdf4ef39a,8665dece-f1cd-40a6-99b1-6a9e0236b226,Diagram 2 IstariONE System Context.png,png,,awaiting_upload_post_processing,2024-09-09T00:46:42.294438,2024-09-09T00:46:42.572252,https://s3.us-east-1.amazonaws.com/istari-file-service-auth-dev/3da592bc-8488-4b95-93a7-1953f34327f4?X-Amz-Algorithm=AWS4-HMAC-SHA256&X-Amz-Credential=AKIAYKVZV47CU4P6Y7II%2F20240909%2Fus-east-1%2Fs3%2Faws4_request&X-Amz-Date=20240909T113324Z&X-Amz-Expires=30&X-Amz-SignedHeaders=host&X-Amz-Signature=b93f62b2c82f1a46a6813d06579d0d6df6bc55bf0187e0dcb5b4cbeaa072af15
30566b0c-4de2-4825-ac28-572bdf4ef39a,c0b0104d-53a4-4c93-9a2f-85ce4de6f50c,Diagram 1 Istari One Body Block Diagram.png,png,,awaiting_upload_post_processing,2024-09-09T00:46:42.883516,2024-09-09T00:46:43.194519,https://s3.us-east-1.amazonaws.com/istari-file-service-auth-dev/34701a50-968d-478a-9b3f-1aeb42a82154?X-Amz-Algorithm=AWS4-HMAC-SHA256&X-Amz-Credential=AKIAYKVZV47CU4P6Y7II%2F20240909%2Fus-east-1%2Fs3%2Faws4_request&X-Amz-Date=20240909T113324Z&X-Amz-Expires=30&X-Amz-SignedHeaders=host&X-Amz-Signature=941cfbc1e1ec903ea7f2bb5fe30a0b6c07f91e6be1527a25ac52553df5ecd463
30566b0c-4de2-4825-ac28-572bdf4ef39a,0eafd390-60dc-4596-a7a4-1177197e4dc3,Diagram 3 Use Cases.png,png,,awaiting_upload_post_processing,2024-09-09T00:46:43.764830,2024-09-09T00:46:44.037192,https://s3.us-east-1.amazonaws.com/istari-file-service-auth-dev/7facc865-57bb-4af7-b5aa-83e945feb0a1?X-Amz-Algorithm=AWS4-HMAC-SHA256&X-Amz-Credential=AKIAYKVZV47CU4P6Y7II%2F20240909%2Fus-east-1%2Fs3%2Faws4_request&X-Amz-Date=20240909T113324Z&X-Amz-Expires=30&X-Amz-SignedHeaders=host&X-Amz-Signature=36f8c39edea572c7c858785fc17d9067c94779cf2a971e180cf321049b67ae06
30566b0c-4de2-4825-ac28-572bdf4ef39a,945eb606-694e-4cc9-8ac1-017c81651de0,Diagram 3 Use Cases_1.png,png,,awaiting_upload_post_processing,2024-09-09T00:46:44.303318,2024-09-09T00:46:44.608232,https://s3.us-east-1.amazonaws.com/istari-file-service-auth-dev/7c59c33d-af11-41a5-9cbc-713f395ad11b?X-Amz-Algorithm=AWS4-HMAC-SHA256&X-Amz-Credential=AKIAYKVZV47CU4P6Y7II%2F20240909%2Fus-east-1%2Fs3%2Faws4_request&X-Amz-Date=20240909T113324Z&X-Amz-Expires=30&X-Amz-SignedHeaders=host&X-Amz-Signature=db021afa85e32358c4e78a731525b3e11b56153386101026fb6e287bb329ccd5
30566b0c-4de2-4825-ac28-572bdf4ef39a,039d9030-085b-4d8d-bf33-b3fcf8cfa1d7,Diagram 2 Interface Blocks.png,png,,awaiting_upload_post_processing,2024-09-09T00:46:44.877045,2024-09-09T00:46:45.231228,https://s3.us-east-1.amazonaws.com/istari-file-service-auth-dev/1a4a245a-1ed3-4f5d-8e07-b466e3300fbd?X-Amz-Algorithm=AWS4-HMAC-SHA256&X-Amz-Credential=AKIAYKVZV47CU4P6Y7II%2F20240909%2Fus-east-1%2Fs3%2Faws4_request&X-Amz-Date=20240909T113325Z&X-Amz-Expires=30&X-Amz-SignedHeaders=host&X-Amz-Signature=6f08445f3eff94d811680cff2f093f7cb55ee7a07db91293a4056aea2d3caf56
30566b0c-4de2-4825-ac28-572bdf4ef39a,9a7cadc8-0c3b-41bd-9d21-b04fbccd345b,Diagram 1 Stakeholder Needs.png,png,,awaiting_upload_post_processing,2024-09-09T00:46:45.507660,2024-09-09T00:46:45.840026,https://s3.us-east-1.amazonaws.com/istari-file-service-auth-dev/11696195-b96f-4c62-8b1a-600ae32d35d2?X-Amz-Algorithm=AWS4-HMAC-SHA256&X-Amz-Credential=AKIAYKVZV47CU4P6Y7II%2F20240909%2Fus-east-1%2Fs3%2Faws4_request&X-Amz-Date=20240909T113325Z&X-Amz-Expires=30&X-Amz-SignedHeaders=host&X-Amz-Signature=95e1aed8dae9a7c9e6ee3ba0b29a0dc4ad77bbfbaf74e98b9c7bcb816fd1ee59
30566b0c-4de2-4825-ac28-572bdf4ef39a,80a6555c-b096-4be1-acae-3b8b00af1915,Diagram Basic Unit Categories.png,png,,awaiting_upload_post_processing,2024-09-09T00:46:46.273831,2024-09-09T00:46:47.232538,https://s3.us-east-1.amazonaws.com/istari-file-service-auth-dev/3f53c8fc-f5e9-4d33-b8b8-bd29549791f0?X-Amz-Algorithm=AWS4-HMAC-SHA256&X-Amz-Credential=AKIAYKVZV47CU4P6Y7II%2F20240909%2Fus-east-1%2Fs3%2Faws4_request&X-Amz-Date=20240909T113325Z&X-Amz-Expires=30&X-Amz-SignedHeaders=host&X-Amz-Signature=2fc9f37d4b7125657a24b0a257d5d4b631f8ffafc6bf83096c648c9c91bd366f
30566b0c-4de2-4825-ac28-572bdf4ef39a,3468e200-1026-4df9-87f8-e599be25f90d,Diagram Basic Units.png,png,,awaiting_upload_post_processing,2024-09-09T00:46:47.488022,2024-09-09T00:46:47.677814,https://s3.us-east-1.amazonaws.com/istari-file-service-auth-dev/6696d830-ba5b-444b-a08f-dd612e9f0597?X-Amz-Algorithm=AWS4-HMAC-SHA256&X-Amz-Credential=AKIAYKVZV47CU4P6Y7II%2F20240909%2Fus-east-1%2Fs3%2Faws4_request&X-Amz-Date=20240909T113325Z&X-Amz-Expires=30&X-Amz-SignedHeaders=host&X-Amz-Signature=21d7123e0d513d829ff521ef6b6fa2269b190df08471628f7b91c771f6cbd401
30566b0c-4de2-4825-ac28-572bdf4ef39a,5bf441ce-0a43-488e-990f-e8b50b5528b6,Diagram Index.png,png,,awaiting_upload_post_processing,2024-09-09T00:46:47.962606,2024-09-09T00:46:48.204353,https://s3.us-east-1.amazonaws.com/istari-file-service-auth-dev/748884e9-d90f-49f9-ac9d-2b9ff28a6773?X-Amz-Algorithm=AWS4-HMAC-SHA256&X-Amz-Credential=AKIAYKVZV47CU4P6Y7II%2F20240909%2Fus-east-1%2Fs3%2Faws4_request&X-Amz-Date=20240909T113325Z&X-Amz-Expires=30&X-Amz-SignedHeaders=host&X-Amz-Signature=c4d3a4bfd259aac77e843fb1c28e694830d5d1368348a511ad7d608fa064de61
30566b0c-4de2-4825-ac28-572bdf4ef39a,e28b160a-cbce-470a-a4a3-96f5b7d996d8,Diagram rollup patterns.png,png,,awaiting_upload_post_processing,2024-09-09T00:46:48.464949,2024-09-09T00:46:48.691215,https://s3.us-east-1.amazonaws.com/istari-file-service-auth-dev/ca66575e-7441-4533-b21e-edbdd8847b36?X-Amz-Algorithm=AWS4-HMAC-SHA256&X-Amz-Credential=AKIAYKVZV47CU4P6Y7II%2F20240909%2Fus-east-1%2Fs3%2Faws4_request&X-Amz-Date=20240909T113326Z&X-Amz-Expires=30&X-Amz-SignedHeaders=host&X-Amz-Signature=47fabccccdf4f5dc550d35eb51cf7b575bd89fa901a35112bb6f4bfeafec15c0
30566b0c-4de2-4825-ac28-572bdf4ef39a,972aae4f-155b-4a65-a994-5d7c492ace7b,Diagram MassRollUpPattern.png,png,,awaiting_upload_post_processing,2024-09-09T00:46:48.936894,2024-09-09T00:46:49.210354,https://s3.us-east-1.amazonaws.com/istari-file-service-auth-dev/323a6480-5786-4ef1-8303-00ffb1f45e66?X-Amz-Algorithm=AWS4-HMAC-SHA256&X-Amz-Credential=AKIAYKVZV47CU4P6Y7II%2F20240909%2Fus-east-1%2Fs3%2Faws4_request&X-Amz-Date=20240909T113326Z&X-Amz-Expires=30&X-Amz-SignedHeaders=host&X-Amz-Signature=a1e61f78e1c00935f4fd24d7017993392ef518023dd97def5e4831ebdb07d6de
30566b0c-4de2-4825-ac28-572bdf4ef39a,3decbe77-7298-4efb-9977-27ca006d9408,Diagram 1 Stakeholder Needs_1.png,png,,awaiting_upload_post_processing,2024-09-09T00:46:50.191571,2024-09-09T00:46:50.839852,https://s3.us-east-1.amazonaws.com/istari-file-service-auth-dev/794a2b6a-1ff9-4d1c-8309-0160176fc328?X-Amz-Algorithm=AWS4-HMAC-SHA256&X-Amz-Credential=AKIAYKVZV47CU4P6Y7II%2F20240909%2Fus-east-1%2Fs3%2Faws4_request&X-Amz-Date=20240909T113326Z&X-Amz-Expires=30&X-Amz-SignedHeaders=host&X-Amz-Signature=88c523fee4d9df14407da3156de601745c0c48eb0aa0e2b68987bfd72700eadb
30566b0c-4de2-4825-ac28-572bdf4ef39a,a423b5fc-3642-4d5e-b23b-58bed8d2af0c,Diagram ReqIF import profile.png,png,,awaiting_upload_post_processing,2024-09-09T00:46:51.344451,2024-09-09T00:46:51.617460,https://s3.us-east-1.amazonaws.com/istari-file-service-auth-dev/e1c1cdd4-9da4-4f9f-80d9-761b8d0bca83?X-Amz-Algorithm=AWS4-HMAC-SHA256&X-Amz-Credential=AKIAYKVZV47CU4P6Y7II%2F20240909%2Fus-east-1%2Fs3%2Faws4_request&X-Amz-Date=20240909T113326Z&X-Amz-Expires=30&X-Amz-SignedHeaders=host&X-Amz-Signature=c2e86bd6eafd452854dbde4207ea76966fdaa9e2c44c554578ef306269125788
30566b0c-4de2-4825-ac28-572bdf4ef39a,bf728430-f25b-4912-943d-c71fce0d2f1c,cameo_json_output,json,,awaiting_upload_post_processing,2024-09-09T00:45:13.894320,2024-09-09T00:46:51.937536,https://s3.us-east-1.amazonaws.com/istari-file-service-auth-dev/4e272d3a-5ea8-4f96-86f9-688ee6192b5f?X-Amz-Algorithm=AWS4-HMAC-SHA256&X-Amz-Credential=AKIAYKVZV47CU4P6Y7II%2F20240909%2Fus-east-1%2Fs3%2Faws4_request&X-Amz-Date=20240909T113326Z&X-Amz-Expires=30&X-Amz-SignedHeaders=host&X-Amz-Signature=19955a4a5b174838193018951b56b439d1ab5ae8866d3f6b18bed4d79858b356
30566b0c-4de2-4825-ac28-572bdf4ef39a,3318aa1d-15ec-4fe4-ae51-4cc12fdde82b,cameo_json_requirements,json,,awaiting_upload_post_processing,2024-09-09T00:45:13.894320,2024-09-09T00:46:52.329221,https://s3.us-east-1.amazonaws.com/istari-file-service-auth-dev/e092a9b4-0641-4932-8516-b8c6b260686f?X-Amz-Algorithm=AWS4-HMAC-SHA256&X-Amz-Credential=AKIAYKVZV47CU4P6Y7II%2F20240909%2Fus-east-1%2Fs3%2Faws4_request&X-Amz-Date=20240909T113327Z&X-Amz-Expires=30&X-Amz-SignedHeaders=host&X-Amz-Signature=6c62d1aa36f93e36af1ae92c139d9e5da1569957d518cafb084264ffcbf3f366
30566b0c-4de2-4825-ac28-572bdf4ef39a,1a98abe2-76ca-4988-bd8d-2264f51a6649,cameo_model_output,mdzip,,awaiting_upload_post_processing,2024-09-09T00:45:13.894320,2024-09-09T00:46:31.687450,https://s3.us-east-1.amazonaws.com/istari-file-service-auth-dev/267cfd55-d2c3-4faa-b8a3-36687f372ab1?X-Amz-Algorithm=AWS4-HMAC-SHA256&X-Amz-Credential=AKIAYKVZV47CU4P6Y7II%2F20240909%2Fus-east-1%2Fs3%2Faws4_request&X-Amz-Date=20240909T113327Z&X-Amz-Expires=30&X-Amz-SignedHeaders=host&X-Amz-Signature=199d2e81ec1481328cb09321d1e4dd7a06f043c0e3b9c5797e01e45be899f358
30566b0c-4de2-4825-ac28-572bdf4ef39a,09154de2-70c5-48f3-bdef-ac3aeea18110,Diagram Resupply Logistics Mission Context.png,png,,awaiting_upload_post_processing,2024-09-09T00:46:32.017061,2024-09-09T00:46:32.295502,https://s3.us-east-1.amazonaws.com/istari-file-service-auth-dev/b2c1f361-4dbd-4609-8ce7-acbd92f675c2?X-Amz-Algorithm=AWS4-HMAC-SHA256&X-Amz-Credential=AKIAYKVZV47CU4P6Y7II%2F20240909%2Fus-east-1%2Fs3%2Faws4_request&X-Amz-Date=20240909T113327Z&X-Amz-Expires=30&X-Amz-SignedHeaders=host&X-Amz-Signature=fd7a129b98876fe36a7be02cd6dddf7268ef032666c88683ad0be75c1634c627
30566b0c-4de2-4825-ac28-572bdf4ef39a,0cc84e5f-eaae-41c2-ad5a-4b6db17f976b,Diagram PowerRollUpPattern.png,png,,awaiting_upload_post_processing,2024-09-09T00:46:32.631939,2024-09-09T00:46:32.844350,https://s3.us-east-1.amazonaws.com/istari-file-service-auth-dev/c5b4bb86-4eb8-4d57-8252-849d03ef5c22?X-Amz-Algorithm=AWS4-HMAC-SHA256&X-Amz-Credential=AKIAYKVZV47CU4P6Y7II%2F20240909%2Fus-east-1%2Fs3%2Faws4_request&X-Amz-Date=20240909T113327Z&X-Amz-Expires=30&X-Amz-SignedHeaders=host&X-Amz-Signature=94d2be498a46031f07be67e233e0486c089bca06dbef7c67ea6c7d0d013b8806
30566b0c-4de2-4825-ac28-572bdf4ef39a,e89f2f92-7819-4fb4-a78c-5efe9cdae29d,Diagram System_requirements.png,png,,awaiting_upload_post_processing,2024-09-09T00:46:33.183863,2024-09-09T00:46:33.408842,https://s3.us-east-1.amazonaws.com/istari-file-service-auth-dev/492a84a1-44af-41e5-8678-aa7e45ad4c5b?X-Amz-Algorithm=AWS4-HMAC-SHA256&X-Amz-Credential=AKIAYKVZV47CU4P6Y7II%2F20240909%2Fus-east-1%2Fs3%2Faws4_request&X-Amz-Date=20240909T113327Z&X-Amz-Expires=30&X-Amz-SignedHeaders=host&X-Amz-Signature=e8d5bb820a52945975ee3b1144c7c24bf3b0d0c8242684a23d21b075ff690f77
30566b0c-4de2-4825-ac28-572bdf4ef39a,9db31fe3-bcd9-4c71-958f-f65eeeea18e3,Diagram requirement verification.png,png,,awaiting_upload_post_processing,2024-09-09T00:46:33.800545,2024-09-09T00:46:34.018187,https://s3.us-east-1.amazonaws.com/istari-file-service-auth-dev/1e339b64-5c0c-41e7-b689-c3c8be4215f6?X-Amz-Algorithm=AWS4-HMAC-SHA256&X-Amz-Credential=AKIAYKVZV47CU4P6Y7II%2F20240909%2Fus-east-1%2Fs3%2Faws4_request&X-Amz-Date=20240909T113328Z&X-Amz-Expires=30&X-Amz-SignedHeaders=host&X-Amz-Signature=a474c7edca0acfdcfc06cc4c32fea350a12d82f8538c409056961aec04575e30
30566b0c-4de2-4825-ac28-572bdf4ef39a,0066097d-0ea8-48b3-8c1c-2569167e6698,Diagram StereotypeRelations.png,png,,awaiting_upload_post_processing,2024-09-09T00:46:34.288993,2024-09-09T00:46:34.509184,https://s3.us-east-1.amazonaws.com/istari-file-service-auth-dev/16894b7c-a26b-4328-bd9e-e93f5d01427f?X-Amz-Algorithm=AWS4-HMAC-SHA256&X-Amz-Credential=AKIAYKVZV47CU4P6Y7II%2F20240909%2Fus-east-1%2Fs3%2Faws4_request&X-Amz-Date=20240909T113328Z&X-Amz-Expires=30&X-Amz-SignedHeaders=host&X-Amz-Signature=81ef460f55b1a1d72a94be3d9261e897b37d27bbaa006aad7efd142b17366b60
30566b0c-4de2-4825-ac28-572bdf4ef39a,e7507db4-a5ea-49c9-b0f1-7b1406b95547,Diagram ReqIF Identifiable Model.png,png,,awaiting_upload_post_processing,2024-09-09T00:46:34.841170,2024-09-09T00:46:35.072873,https://s3.us-east-1.amazonaws.com/istari-file-service-auth-dev/63e240a4-3355-4375-9589-6f5e5a82a454?X-Amz-Algorithm=AWS4-HMAC-SHA256&X-Amz-Credential=AKIAYKVZV47CU4P6Y7II%2F20240909%2Fus-east-1%2Fs3%2Faws4_request&X-Amz-Date=20240909T113328Z&X-Amz-Expires=30&X-Amz-SignedHeaders=host&X-Amz-Signature=580085c2812eb0122d0a9785bf96844bdd1584c3188738d79cef2ef9390b7ca6
30566b0c-4de2-4825-ac28-572bdf4ef39a,b9343647-1a6a-498b-bc31-cb3101db2cc3,Diagram CostRollUpPattern.png,png,,awaiting_upload_post_processing,2024-09-09T00:46:36.308204,2024-09-09T00:46:36.557701,https://s3.us-east-1.amazonaws.com/istari-file-service-auth-dev/28710f83-8671-4382-a7a6-27f173261e0e?X-Amz-Algorithm=AWS4-HMAC-SHA256&X-Amz-Credential=AKIAYKVZV47CU4P6Y7II%2F20240909%2Fus-east-1%2Fs3%2Faws4_request&X-Amz-Date=20240909T113328Z&X-Amz-Expires=30&X-Amz-SignedHeaders=host&X-Amz-Signature=309b41bf0b118ecf8ceff75b4e54cad73576ced8cdc2fb6d77b937726431b340
30566b0c-4de2-4825-ac28-572bdf4ef39a,53a0f12f-e777-4834-9709-0b8ea1c5b572,Diagram 2.1 Airframe Requirements.png,png,,awaiting_upload_post_processing,2024-09-09T00:46:36.809549,2024-09-09T00:46:37.032332,https://s3.us-east-1.amazonaws.com/istari-file-service-auth-dev/065b8b90-5c1b-4585-bf30-022f6f78c3b6?X-Amz-Algorithm=AWS4-HMAC-SHA256&X-Amz-Credential=AKIAYKVZV47CU4P6Y7II%2F20240909%2Fus-east-1%2Fs3%2Faws4_request&X-Amz-Date=20240909T113329Z&X-Amz-Expires=30&X-Amz-SignedHeaders=host&X-Amz-Signature=5fb57f2532d7288c3e01c48667c9b2296ab4f3b86721112c9e3ea598cc6bb9b7
30566b0c-4de2-4825-ac28-572bdf4ef39a,4a6a6cfe-29e5-46b5-8f3f-f2db594478d9,Diagram Istari One.png,png,,awaiting_upload_post_processing,2024-09-09T00:46:37.304592,2024-09-09T00:46:37.742870,https://s3.us-east-1.amazonaws.com/istari-file-service-auth-dev/e3c5fbac-8d99-49f8-b826-dd0cb4076e62?X-Amz-Algorithm=AWS4-HMAC-SHA256&X-Amz-Credential=AKIAYKVZV47CU4P6Y7II%2F20240909%2Fus-east-1%2Fs3%2Faws4_request&X-Amz-Date=20240909T113329Z&X-Amz-Expires=30&X-Amz-SignedHeaders=host&X-Amz-Signature=afc907e656594a2952f003caf77c3857954b9524b34e555ff1a4cd5a1210b028
30566b0c-4de2-4825-ac28-572bdf4ef39a,c9e59105-3a2c-4c40-9729-f9ae78f9048f,Diagram 2 Conceptual Subsystems.png,png,,awaiting_upload_post_processing,2024-09-09T00:46:38.428713,2024-09-09T00:46:38.936497,https://s3.us-east-1.amazonaws.com/istari-file-service-auth-dev/8efd6c4a-4ae4-4227-b28f-57e445177a58?X-Amz-Algorithm=AWS4-HMAC-SHA256&X-Amz-Credential=AKIAYKVZV47CU4P6Y7II%2F20240909%2Fus-east-1%2Fs3%2Faws4_request&X-Amz-Date=20240909T113329Z&X-Amz-Expires=30&X-Amz-SignedHeaders=host&X-Amz-Signature=4fe54c3216792274f98af6215d5d3d073c17ed67c9c30e50dea43132547b7485
30566b0c-4de2-4825-ac28-572bdf4ef39a,89dc8099-0fa9-47a5-9a1f-2d3f48034899,Diagram 4 Measures of Effectiveness.png,png,,awaiting_upload_post_processing,2024-09-09T00:46:39.241400,2024-09-09T00:46:39.452775,https://s3.us-east-1.amazonaws.com/istari-file-service-auth-dev/24056896-7fc5-478e-b323-d971bbe057a4?X-Amz-Algorithm=AWS4-HMAC-SHA256&X-Amz-Credential=AKIAYKVZV47CU4P6Y7II%2F20240909%2Fus-east-1%2Fs3%2Faws4_request&X-Amz-Date=20240909T113329Z&X-Amz-Expires=30&X-Amz-SignedHeaders=host&X-Amz-Signature=3b0ba8c152ecba975b339efba86972407cd1ab79a3a539238570d17f45ca0566
30566b0c-4de2-4825-ac28-572bdf4ef39a,8baec1f7-e017-49fa-9c28-9aa22c2bff2b,Diagram Resupply Logistics Mission Context_1.png,png,,awaiting_upload_post_processing,2024-09-09T00:46:39.743957,2024-09-09T00:46:40.154572,https://s3.us-east-1.amazonaws.com/istari-file-service-auth-dev/ac94f75d-45ca-4a00-8105-c96a6cfcf820?X-Amz-Algorithm=AWS4-HMAC-SHA256&X-Amz-Credential=AKIAYKVZV47CU4P6Y7II%2F20240909%2Fus-east-1%2Fs3%2Faws4_request&X-Amz-Date=20240909T113329Z&X-Amz-Expires=30&X-Amz-SignedHeaders=host&X-Amz-Signature=9b4205afa62cbadadd55534a85d5372764463d154972e3d85d9cb5941b63b908
30566b0c-4de2-4825-ac28-572bdf4ef39a,373ccf1d-3ee9-45bd-a93e-e05362924f48,Diagram 2 System Context.png,png,,awaiting_upload_post_processing,2024-09-09T00:46:41.080627,2024-09-09T00:46:41.484452,https://s3.us-east-1.amazonaws.com/istari-file-service-auth-dev/98020b01-1156-48f9-99ff-a6d7479327ff?X-Amz-Algorithm=AWS4-HMAC-SHA256&X-Amz-Credential=AKIAYKVZV47CU4P6Y7II%2F20240909%2Fus-east-1%2Fs3%2Faws4_request&X-Amz-Date=20240909T113330Z&X-Amz-Expires=30&X-Amz-SignedHeaders=host&X-Amz-Signature=b411bf8adc12d6e8d9fb490761b9b896b1dfb3b87c0e367bd1039f2961ffa5be
30566b0c-4de2-4825-ac28-572bdf4ef39a,86335a7c-2539-4f78-9e26-8ad5437d2fec,Diagram 4 Measures of Effectiveness_1.png,png,,awaiting_upload_post_processing,2024-09-09T00:46:41.773620,2024-09-09T00:46:42.008467,https://s3.us-east-1.amazonaws.com/istari-file-service-auth-dev/5e6ee99d-a117-428e-a13a-82d112d64c66?X-Amz-Algorithm=AWS4-HMAC-SHA256&X-Amz-Credential=AKIAYKVZV47CU4P6Y7II%2F20240909%2Fus-east-1%2Fs3%2Faws4_request&X-Amz-Date=20240909T113330Z&X-Amz-Expires=30&X-Amz-SignedHeaders=host&X-Amz-Signature=814633a0a80121d32c5f1702d5022d17c08bf66d9320ce0c1e8ccb17968a1ace
30566b0c-4de2-4825-ac28-572bdf4ef39a,8665dece-f1cd-40a6-99b1-6a9e0236b226,Diagram 2 IstariONE System Context.png,png,,awaiting_upload_post_processing,2024-09-09T00:46:42.294438,2024-09-09T00:46:42.572252,https://s3.us-east-1.amazonaws.com/istari-file-service-auth-dev/3da592bc-8488-4b95-93a7-1953f34327f4?X-Amz-Algorithm=AWS4-HMAC-SHA256&X-Amz-Credential=AKIAYKVZV47CU4P6Y7II%2F20240909%2Fus-east-1%2Fs3%2Faws4_request&X-Amz-Date=20240909T113330Z&X-Amz-Expires=30&X-Amz-SignedHeaders=host&X-Amz-Signature=4d324648a0e7091e4584e4946672f47d0a9d24fb65585973f4de48a93d16c0ac
30566b0c-4de2-4825-ac28-572bdf4ef39a,c0b0104d-53a4-4c93-9a2f-85ce4de6f50c,Diagram 1 Istari One Body Block Diagram.png,png,,awaiting_upload_post_processing,2024-09-09T00:46:42.883516,2024-09-09T00:46:43.194519,https://s3.us-east-1.amazonaws.com/istari-file-service-auth-dev/34701a50-968d-478a-9b3f-1aeb42a82154?X-Amz-Algorithm=AWS4-HMAC-SHA256&X-Amz-Credential=AKIAYKVZV47CU4P6Y7II%2F20240909%2Fus-east-1%2Fs3%2Faws4_request&X-Amz-Date=20240909T113330Z&X-Amz-Expires=30&X-Amz-SignedHeaders=host&X-Amz-Signature=2aa18a1e77bd8be7e8c05da20de336886fb79c2e300cad046d435134e276a6c4
30566b0c-4de2-4825-ac28-572bdf4ef39a,0eafd390-60dc-4596-a7a4-1177197e4dc3,Diagram 3 Use Cases.png,png,,awaiting_upload_post_processing,2024-09-09T00:46:43.764830,2024-09-09T00:46:44.037192,https://s3.us-east-1.amazonaws.com/istari-file-service-auth-dev/7facc865-57bb-4af7-b5aa-83e945feb0a1?X-Amz-Algorithm=AWS4-HMAC-SHA256&X-Amz-Credential=AKIAYKVZV47CU4P6Y7II%2F20240909%2Fus-east-1%2Fs3%2Faws4_request&X-Amz-Date=20240909T113331Z&X-Amz-Expires=30&X-Amz-SignedHeaders=host&X-Amz-Signature=8eda5ffd0428f707a97786d540d6be13d5d16c0240d50c2663633a60682b6633
30566b0c-4de2-4825-ac28-572bdf4ef39a,945eb606-694e-4cc9-8ac1-017c81651de0,Diagram 3 Use Cases_1.png,png,,awaiting_upload_post_processing,2024-09-09T00:46:44.303318,2024-09-09T00:46:44.608232,https://s3.us-east-1.amazonaws.com/istari-file-service-auth-dev/7c59c33d-af11-41a5-9cbc-713f395ad11b?X-Amz-Algorithm=AWS4-HMAC-SHA256&X-Amz-Credential=AKIAYKVZV47CU4P6Y7II%2F20240909%2Fus-east-1%2Fs3%2Faws4_request&X-Amz-Date=20240909T113331Z&X-Amz-Expires=30&X-Amz-SignedHeaders=host&X-Amz-Signature=41405e40f9bf4f259359b2216c0252dc867fd45e02dd8583357e5795b99dcc58
30566b0c-4de2-4825-ac28-572bdf4ef39a,039d9030-085b-4d8d-bf33-b3fcf8cfa1d7,Diagram 2 Interface Blocks.png,png,,awaiting_upload_post_processing,2024-09-09T00:46:44.877045,2024-09-09T00:46:45.231228,https://s3.us-east-1.amazonaws.com/istari-file-service-auth-dev/1a4a245a-1ed3-4f5d-8e07-b466e3300fbd?X-Amz-Algorithm=AWS4-HMAC-SHA256&X-Amz-Credential=AKIAYKVZV47CU4P6Y7II%2F20240909%2Fus-east-1%2Fs3%2Faws4_request&X-Amz-Date=20240909T113331Z&X-Amz-Expires=30&X-Amz-SignedHeaders=host&X-Amz-Signature=e19597db94b05db763aea065d1b3c97d65dd1d150babfbf7e5ef6f88178ecd0f
30566b0c-4de2-4825-ac28-572bdf4ef39a,9a7cadc8-0c3b-41bd-9d21-b04fbccd345b,Diagram 1 Stakeholder Needs.png,png,,awaiting_upload_post_processing,2024-09-09T00:46:45.507660,2024-09-09T00:46:45.840026,https://s3.us-east-1.amazonaws.com/istari-file-service-auth-dev/11696195-b96f-4c62-8b1a-600ae32d35d2?X-Amz-Algorithm=AWS4-HMAC-SHA256&X-Amz-Credential=AKIAYKVZV47CU4P6Y7II%2F20240909%2Fus-east-1%2Fs3%2Faws4_request&X-Amz-Date=20240909T113331Z&X-Amz-Expires=30&X-Amz-SignedHeaders=host&X-Amz-Signature=6284fd79275a9843ce820234fffbe1bf51a452b137a3aaec12e959b9404d1055
30566b0c-4de2-4825-ac28-572bdf4ef39a,80a6555c-b096-4be1-acae-3b8b00af1915,Diagram Basic Unit Categories.png,png,,awaiting_upload_post_processing,2024-09-09T00:46:46.273831,2024-09-09T00:46:47.232538,https://s3.us-east-1.amazonaws.com/istari-file-service-auth-dev/3f53c8fc-f5e9-4d33-b8b8-bd29549791f0?X-Amz-Algorithm=AWS4-HMAC-SHA256&X-Amz-Credential=AKIAYKVZV47CU4P6Y7II%2F20240909%2Fus-east-1%2Fs3%2Faws4_request&X-Amz-Date=20240909T113331Z&X-Amz-Expires=30&X-Amz-SignedHeaders=host&X-Amz-Signature=090b3b004a2c1fecb1a974291f91aa1419a5fef391eff140465add0e3cb674b8
30566b0c-4de2-4825-ac28-572bdf4ef39a,3468e200-1026-4df9-87f8-e599be25f90d,Diagram Basic Units.png,png,,awaiting_upload_post_processing,2024-09-09T00:46:47.488022,2024-09-09T00:46:47.677814,https://s3.us-east-1.amazonaws.com/istari-file-service-auth-dev/6696d830-ba5b-444b-a08f-dd612e9f0597?X-Amz-Algorithm=AWS4-HMAC-SHA256&X-Amz-Credential=AKIAYKVZV47CU4P6Y7II%2F20240909%2Fus-east-1%2Fs3%2Faws4_request&X-Amz-Date=20240909T113332Z&X-Amz-Expires=30&X-Amz-SignedHeaders=host&X-Amz-Signature=a7fcec09cf458be94d9bccdcee3a0d8331da003aa0648e5f56e48aea6c0c6633
30566b0c-4de2-4825-ac28-572bdf4ef39a,5bf441ce-0a43-488e-990f-e8b50b5528b6,Diagram Index.png,png,,awaiting_upload_post_processing,2024-09-09T00:46:47.962606,2024-09-09T00:46:48.204353,https://s3.us-east-1.amazonaws.com/istari-file-service-auth-dev/748884e9-d90f-49f9-ac9d-2b9ff28a6773?X-Amz-Algorithm=AWS4-HMAC-SHA256&X-Amz-Credential=AKIAYKVZV47CU4P6Y7II%2F20240909%2Fus-east-1%2Fs3%2Faws4_request&X-Amz-Date=20240909T113332Z&X-Amz-Expires=30&X-Amz-SignedHeaders=host&X-Amz-Signature=fa8e1df0e53dd2275095315632ab445b6685f0a2d241a432dbf706f4a0e40278
30566b0c-4de2-4825-ac28-572bdf4ef39a,e28b160a-cbce-470a-a4a3-96f5b7d996d8,Diagram rollup patterns.png,png,,awaiting_upload_post_processing,2024-09-09T00:46:48.464949,2024-09-09T00:46:48.691215,https://s3.us-east-1.amazonaws.com/istari-file-service-auth-dev/ca66575e-7441-4533-b21e-edbdd8847b36?X-Amz-Algorithm=AWS4-HMAC-SHA256&X-Amz-Credential=AKIAYKVZV47CU4P6Y7II%2F20240909%2Fus-east-1%2Fs3%2Faws4_request&X-Amz-Date=20240909T113332Z&X-Amz-Expires=30&X-Amz-SignedHeaders=host&X-Amz-Signature=ad4a8d9259956efc9682e8aff8b54c871e048fa78900c8aabe366df39d304357
30566b0c-4de2-4825-ac28-572bdf4ef39a,972aae4f-155b-4a65-a994-5d7c492ace7b,Diagram MassRollUpPattern.png,png,,awaiting_upload_post_processing,2024-09-09T00:46:48.936894,2024-09-09T00:46:49.210354,https://s3.us-east-1.amazonaws.com/istari-file-service-auth-dev/323a6480-5786-4ef1-8303-00ffb1f45e66?X-Amz-Algorithm=AWS4-HMAC-SHA256&X-Amz-Credential=AKIAYKVZV47CU4P6Y7II%2F20240909%2Fus-east-1%2Fs3%2Faws4_request&X-Amz-Date=20240909T113332Z&X-Amz-Expires=30&X-Amz-SignedHeaders=host&X-Amz-Signature=28e894ca88e2ba49abfe011f91e1c91383d83bcd72c981d32287f9f8ffe5d013
30566b0c-4de2-4825-ac28-572bdf4ef39a,3decbe77-7298-4efb-9977-27ca006d9408,Diagram 1 Stakeholder Needs_1.png,png,,awaiting_upload_post_processing,2024-09-09T00:46:50.191571,2024-09-09T00:46:50.839852,https://s3.us-east-1.amazonaws.com/istari-file-service-auth-dev/794a2b6a-1ff9-4d1c-8309-0160176fc328?X-Amz-Algorithm=AWS4-HMAC-SHA256&X-Amz-Credential=AKIAYKVZV47CU4P6Y7II%2F20240909%2Fus-east-1%2Fs3%2Faws4_request&X-Amz-Date=20240909T113332Z&X-Amz-Expires=30&X-Amz-SignedHeaders=host&X-Amz-Signature=bb9e2152669167db8f010ab102a1661d9a45aa2fbe85e74707702b4c326e5236
30566b0c-4de2-4825-ac28-572bdf4ef39a,a423b5fc-3642-4d5e-b23b-58bed8d2af0c,Diagram ReqIF import profile.png,png,,awaiting_upload_post_processing,2024-09-09T00:46:51.344451,2024-09-09T00:46:51.617460,https://s3.us-east-1.amazonaws.com/istari-file-service-auth-dev/e1c1cdd4-9da4-4f9f-80d9-761b8d0bca83?X-Amz-Algorithm=AWS4-HMAC-SHA256&X-Amz-Credential=AKIAYKVZV47CU4P6Y7II%2F20240909%2Fus-east-1%2Fs3%2Faws4_request&X-Amz-Date=20240909T113333Z&X-Amz-Expires=30&X-Amz-SignedHeaders=host&X-Amz-Signature=16b3a2bf6efcbb22cd54b9c3f904990d7338cd304ec4cacd11133beb297cd6e3
30566b0c-4de2-4825-ac28-572bdf4ef39a,bf728430-f25b-4912-943d-c71fce0d2f1c,cameo_json_output,json,,awaiting_upload_post_processing,2024-09-09T00:45:13.894320,2024-09-09T00:46:51.937536,https://s3.us-east-1.amazonaws.com/istari-file-service-auth-dev/4e272d3a-5ea8-4f96-86f9-688ee6192b5f?X-Amz-Algorithm=AWS4-HMAC-SHA256&X-Amz-Credential=AKIAYKVZV47CU4P6Y7II%2F20240909%2Fus-east-1%2Fs3%2Faws4_request&X-Amz-Date=20240909T113333Z&X-Amz-Expires=30&X-Amz-SignedHeaders=host&X-Amz-Signature=a97bca36fc6d7e28aeddba04b48a45555d27dd9cc6275ae1be5d70e99698820c
30566b0c-4de2-4825-ac28-572bdf4ef39a,3318aa1d-15ec-4fe4-ae51-4cc12fdde82b,cameo_json_requirements,json,,awaiting_upload_post_processing,2024-09-09T00:45:13.894320,2024-09-09T00:46:52.329221,https://s3.us-east-1.amazonaws.com/istari-file-service-auth-dev/e092a9b4-0641-4932-8516-b8c6b260686f?X-Amz-Algorithm=AWS4-HMAC-SHA256&X-Amz-Credential=AKIAYKVZV47CU4P6Y7II%2F20240909%2Fus-east-1%2Fs3%2Faws4_request&X-Amz-Date=20240909T113333Z&X-Amz-Expires=30&X-Amz-SignedHeaders=host&X-Amz-Signature=a2c47bff6468dbd7f38d21035669b35df274d83c31a639c00a80165c5a6f8e24
8eb99af5-f0ff-40b1-92c1-568b8e00cf8e,bf4b66c8-c4ed-4493-b773-9a4ca06fa2ab,named_cells,json,,awaiting_upload_post_processing,2024-09-09T00:44:37.845054,2024-09-09T00:44:52.656721,https://s3.us-east-1.amazonaws.com/istari-file-service-auth-dev/013a7593-7e9b-4673-96d1-e3cd85876653?X-Amz-Algorithm=AWS4-HMAC-SHA256&X-Amz-Credential=AKIAYKVZV47CU4P6Y7II%2F20240909%2Fus-east-1%2Fs3%2Faws4_request&X-Amz-Date=20240909T113333Z&X-Amz-Expires=30&X-Amz-SignedHeaders=host&X-Amz-Signature=8c9ee8157ed3194605394a718b55cfd6950d778b40aa59c0ce2d9e3d0e3435f4
8eb99af5-f0ff-40b1-92c1-568b8e00cf8e,24934c23-b887-4ba4-889b-3492c919029e,Chart 2 CapBudgWS.png,png,,awaiting_upload_post_processing,2024-09-09T00:44:53.238727,2024-09-09T00:44:53.486918,https://s3.us-east-1.amazonaws.com/istari-file-service-auth-dev/303a9277-6d71-4903-af36-225ce55a5ecc?X-Amz-Algorithm=AWS4-HMAC-SHA256&X-Amz-Credential=AKIAYKVZV47CU4P6Y7II%2F20240909%2Fus-east-1%2Fs3%2Faws4_request&X-Amz-Date=20240909T113333Z&X-Amz-Expires=30&X-Amz-SignedHeaders=host&X-Amz-Signature=ab05b4c930458b68e61cb42fbcff25de1d307188a1239d19587760e8bdd7f009
8eb99af5-f0ff-40b1-92c1-568b8e00cf8e,a1dadff1-31ed-4ba8-a4ae-980f49ed65d2,CapBudgWS.csv,csv,,awaiting_upload_post_processing,2024-09-09T00:44:53.702274,2024-09-09T00:44:53.958756,https://s3.us-east-1.amazonaws.com/istari-file-service-auth-dev/71cee9fc-4d12-4a9e-b690-4443233f0d76?X-Amz-Algorithm=AWS4-HMAC-SHA256&X-Amz-Credential=AKIAYKVZV47CU4P6Y7II%2F20240909%2Fus-east-1%2Fs3%2Faws4_request&X-Amz-Date=20240909T113334Z&X-Amz-Expires=30&X-Amz-SignedHeaders=host&X-Amz-Signature=247d39966747eaa1219ad175fc6901e619aa71a33ff74f496fd6643b9c444b49
8eb99af5-f0ff-40b1-92c1-568b8e00cf8e,4cc5988e-5085-41b5-8291-36dee828d59b,excel_output,xlsx,,awaiting_upload_post_processing,2024-09-09T00:44:37.845054,2024-09-09T00:44:54.279774,https://s3.us-east-1.amazonaws.com/istari-file-service-auth-dev/44d8ab08-7289-4269-ba86-dbfd1d9563f2?X-Amz-Algorithm=AWS4-HMAC-SHA256&X-Amz-Credential=AKIAYKVZV47CU4P6Y7II%2F20240909%2Fus-east-1%2Fs3%2Faws4_request&X-Amz-Date=20240909T113334Z&X-Amz-Expires=30&X-Amz-SignedHeaders=host&X-Amz-Signature=7f16c506447b25c887a41d9c7d79ba0958b6a5b97fe4e7812f4610a9350efaf2
8eb99af5-f0ff-40b1-92c1-568b8e00cf8e,c3cb199b-c200-4e23-b817-72e3e698be96,excel_pdf,pdf,,awaiting_upload_post_processing,2024-09-09T00:44:37.845054,2024-09-09T00:44:54.644220,https://s3.us-east-1.amazonaws.com/istari-file-service-auth-dev/92e2a3ee-fef3-4778-8a8b-17dc3b761d0b?X-Amz-Algorithm=AWS4-HMAC-SHA256&X-Amz-Credential=AKIAYKVZV47CU4P6Y7II%2F20240909%2Fus-east-1%2Fs3%2Faws4_request&X-Amz-Date=20240909T113334Z&X-Amz-Expires=30&X-Amz-SignedHeaders=host&X-Amz-Signature=e61612764681670d34ed2e517ddd94da8251c9e669562822761f17ce49728160
8eb99af5-f0ff-40b1-92c1-568b8e00cf8e,1843862d-b865-418b-a3e6-13e9e1667337,excel_html,zip,,awaiting_upload_post_processing,2024-09-09T00:44:37.845054,2024-09-09T00:44:55.051322,https://s3.us-east-1.amazonaws.com/istari-file-service-auth-dev/8b26737a-c9ee-4ca2-aa88-30f169044e0f?X-Amz-Algorithm=AWS4-HMAC-SHA256&X-Amz-Credential=AKIAYKVZV47CU4P6Y7II%2F20240909%2Fus-east-1%2Fs3%2Faws4_request&X-Amz-Date=20240909T113334Z&X-Amz-Expires=30&X-Amz-SignedHeaders=host&X-Amz-Signature=7b383a6eaa450a528bafbb6d6ea4637aac0eb9250c5f28bb2954c2561e4d74e5
8eb99af5-f0ff-40b1-92c1-568b8e00cf8e,bf4b66c8-c4ed-4493-b773-9a4ca06fa2ab,named_cells,json,,awaiting_upload_post_processing,2024-09-09T00:44:37.845054,2024-09-09T00:44:52.656721,https://s3.us-east-1.amazonaws.com/istari-file-service-auth-dev/013a7593-7e9b-4673-96d1-e3cd85876653?X-Amz-Algorithm=AWS4-HMAC-SHA256&X-Amz-Credential=AKIAYKVZV47CU4P6Y7II%2F20240909%2Fus-east-1%2Fs3%2Faws4_request&X-Amz-Date=20240909T113334Z&X-Amz-Expires=30&X-Amz-SignedHeaders=host&X-Amz-Signature=c550b56a0db7502a0e664bd2e503ffc94a29892feb7e3bea0b8bd6e3770715e6
8eb99af5-f0ff-40b1-92c1-568b8e00cf8e,24934c23-b887-4ba4-889b-3492c919029e,Chart 2 CapBudgWS.png,png,,awaiting_upload_post_processing,2024-09-09T00:44:53.238727,2024-09-09T00:44:53.486918,https://s3.us-east-1.amazonaws.com/istari-file-service-auth-dev/303a9277-6d71-4903-af36-225ce55a5ecc?X-Amz-Algorithm=AWS4-HMAC-SHA256&X-Amz-Credential=AKIAYKVZV47CU4P6Y7II%2F20240909%2Fus-east-1%2Fs3%2Faws4_request&X-Amz-Date=20240909T113335Z&X-Amz-Expires=30&X-Amz-SignedHeaders=host&X-Amz-Signature=0b4ac21492b324c8754222903136b339e12f54833a5a77957f15eee210cc930c
8eb99af5-f0ff-40b1-92c1-568b8e00cf8e,a1dadff1-31ed-4ba8-a4ae-980f49ed65d2,CapBudgWS.csv,csv,,awaiting_upload_post_processing,2024-09-09T00:44:53.702274,2024-09-09T00:44:53.958756,https://s3.us-east-1.amazonaws.com/istari-file-service-auth-dev/71cee9fc-4d12-4a9e-b690-4443233f0d76?X-Amz-Algorithm=AWS4-HMAC-SHA256&X-Amz-Credential=AKIAYKVZV47CU4P6Y7II%2F20240909%2Fus-east-1%2Fs3%2Faws4_request&X-Amz-Date=20240909T113335Z&X-Amz-Expires=30&X-Amz-SignedHeaders=host&X-Amz-Signature=f4d77d728775f917b2c4016d5f4e8e185918de4ce3f28bbec4ba14fc29a32977
8eb99af5-f0ff-40b1-92c1-568b8e00cf8e,4cc5988e-5085-41b5-8291-36dee828d59b,excel_output,xlsx,,awaiting_upload_post_processing,2024-09-09T00:44:37.845054,2024-09-09T00:44:54.279774,https://s3.us-east-1.amazonaws.com/istari-file-service-auth-dev/44d8ab08-7289-4269-ba86-dbfd1d9563f2?X-Amz-Algorithm=AWS4-HMAC-SHA256&X-Amz-Credential=AKIAYKVZV47CU4P6Y7II%2F20240909%2Fus-east-1%2Fs3%2Faws4_request&X-Amz-Date=20240909T113335Z&X-Amz-Expires=30&X-Amz-SignedHeaders=host&X-Amz-Signature=f85cf3901783d2a3cec8827063e821948c1ec9422e93aaa137940d475d3e3de8
8eb99af5-f0ff-40b1-92c1-568b8e00cf8e,c3cb199b-c200-4e23-b817-72e3e698be96,excel_pdf,pdf,,awaiting_upload_post_processing,2024-09-09T00:44:37.845054,2024-09-09T00:44:54.644220,https://s3.us-east-1.amazonaws.com/istari-file-service-auth-dev/92e2a3ee-fef3-4778-8a8b-17dc3b761d0b?X-Amz-Algorithm=AWS4-HMAC-SHA256&X-Amz-Credential=AKIAYKVZV47CU4P6Y7II%2F20240909%2Fus-east-1%2Fs3%2Faws4_request&X-Amz-Date=20240909T113335Z&X-Amz-Expires=30&X-Amz-SignedHeaders=host&X-Amz-Signature=8ebd57a8f7786763e8c3488456e9d4c0e9da104834b1ffdcece997bfd4bf7331
8eb99af5-f0ff-40b1-92c1-568b8e00cf8e,1843862d-b865-418b-a3e6-13e9e1667337,excel_html,zip,,awaiting_upload_post_processing,2024-09-09T00:44:37.845054,2024-09-09T00:44:55.051322,https://s3.us-east-1.amazonaws.com/istari-file-service-auth-dev/8b26737a-c9ee-4ca2-aa88-30f169044e0f?X-Amz-Algorithm=AWS4-HMAC-SHA256&X-Amz-Credential=AKIAYKVZV47CU4P6Y7II%2F20240909%2Fus-east-1%2Fs3%2Faws4_request&X-Amz-Date=20240909T113335Z&X-Amz-Expires=30&X-Amz-SignedHeaders=host&X-Amz-Signature=22e71a12b57a1c48129d135d3bd595845c6deab53a6d3de245580a8557bc2066
96c479bd-c270-46f3-b63c-5d41067ec8ce,e0cee361-ee78-4187-97e8-c5d1d3bf957c,named_cells,json,,awaiting_upload_post_processing,2024-09-09T00:44:52.009021,2024-09-09T00:45:08.621932,https://s3.us-east-1.amazonaws.com/istari-file-service-auth-dev/78f9870f-89ae-4bdf-90d4-1a0df869468b?X-Amz-Algorithm=AWS4-HMAC-SHA256&X-Amz-Credential=AKIAYKVZV47CU4P6Y7II%2F20240909%2Fus-east-1%2Fs3%2Faws4_request&X-Amz-Date=20240909T113336Z&X-Amz-Expires=30&X-Amz-SignedHeaders=host&X-Amz-Signature=58d80daf3dfcb0c12659a844bbbbccaa22954fbeb988223ab1cf1bb504066907
96c479bd-c270-46f3-b63c-5d41067ec8ce,b982e923-fcc2-48ab-88ad-95fc5b2d20b9,Chart 1 flights.png,png,,awaiting_upload_post_processing,2024-09-09T00:45:08.935775,2024-09-09T00:45:09.208297,https://s3.us-east-1.amazonaws.com/istari-file-service-auth-dev/79a1599d-3a79-48a2-ba3b-ffb4defc8f32?X-Amz-Algorithm=AWS4-HMAC-SHA256&X-Amz-Credential=AKIAYKVZV47CU4P6Y7II%2F20240909%2Fus-east-1%2Fs3%2Faws4_request&X-Amz-Date=20240909T113336Z&X-Amz-Expires=30&X-Amz-SignedHeaders=host&X-Amz-Signature=9982e0dfbea047478092b5387637635eda118e52e54f9d00a60b54ccb2b88107
96c479bd-c270-46f3-b63c-5d41067ec8ce,3366db1b-bbf1-4d95-9296-e61dd8a2cbe9,flights.csv,csv,,awaiting_upload_post_processing,2024-09-09T00:45:09.489102,2024-09-09T00:45:09.675995,https://s3.us-east-1.amazonaws.com/istari-file-service-auth-dev/37aad747-69f1-4b2b-9ef2-792c2fa4d590?X-Amz-Algorithm=AWS4-HMAC-SHA256&X-Amz-Credential=AKIAYKVZV47CU4P6Y7II%2F20240909%2Fus-east-1%2Fs3%2Faws4_request&X-Amz-Date=20240909T113336Z&X-Amz-Expires=30&X-Amz-SignedHeaders=host&X-Amz-Signature=f47ff7ee7c33227795b279778ebaec8fcb85f931e921c7dd63aafffe218a2bf7
96c479bd-c270-46f3-b63c-5d41067ec8ce,cf4aaf92-a5dd-4ab0-911f-4e6fc0148328,excel_output,xlsx,,awaiting_upload_post_processing,2024-09-09T00:44:52.009021,2024-09-09T00:45:10.006968,https://s3.us-east-1.amazonaws.com/istari-file-service-auth-dev/efe5f07c-2056-4425-9b85-c0c401297b03?X-Amz-Algorithm=AWS4-HMAC-SHA256&X-Amz-Credential=AKIAYKVZV47CU4P6Y7II%2F20240909%2Fus-east-1%2Fs3%2Faws4_request&X-Amz-Date=20240909T113336Z&X-Amz-Expires=30&X-Amz-SignedHeaders=host&X-Amz-Signature=6e55990e4758c771ea3b0e377900c13d50f08bed694e00abc7b28e0215705fe8
96c479bd-c270-46f3-b63c-5d41067ec8ce,a982bb18-8433-47d7-b025-b7cc5dce25ec,excel_pdf,pdf,,awaiting_upload_post_processing,2024-09-09T00:44:52.009021,2024-09-09T00:45:10.442915,https://s3.us-east-1.amazonaws.com/istari-file-service-auth-dev/f308c9bc-1420-4f21-a2a4-02e5fcedced2?X-Amz-Algorithm=AWS4-HMAC-SHA256&X-Amz-Credential=AKIAYKVZV47CU4P6Y7II%2F20240909%2Fus-east-1%2Fs3%2Faws4_request&X-Amz-Date=20240909T113336Z&X-Amz-Expires=30&X-Amz-SignedHeaders=host&X-Amz-Signature=d37c8f45cd59c584a54feb3721d12372eff6a49b850d0121430f054327f897fa
96c479bd-c270-46f3-b63c-5d41067ec8ce,7970242f-d0cd-48a2-8e07-48245332110e,excel_html,zip,,awaiting_upload_post_processing,2024-09-09T00:44:52.009021,2024-09-09T00:45:10.757315,https://s3.us-east-1.amazonaws.com/istari-file-service-auth-dev/78c61c60-e5ed-42ea-85de-f6bedfd39e6e?X-Amz-Algorithm=AWS4-HMAC-SHA256&X-Amz-Credential=AKIAYKVZV47CU4P6Y7II%2F20240909%2Fus-east-1%2Fs3%2Faws4_request&X-Amz-Date=20240909T113337Z&X-Amz-Expires=30&X-Amz-SignedHeaders=host&X-Amz-Signature=03ed87caba5e304598444e3d1d49771eccc0f73f29fc5783c87534b9eed74269
b7400300-b1c9-4bca-a244-4ec1f03fc232,d376d585-2e0c-45cc-aaa4-cbae23647d15,updated_catia_output,zip,,awaiting_upload_post_processing,2024-09-09T00:44:43.292064,2024-09-09T00:45:37.047482,https://s3.us-east-1.amazonaws.com/istari-file-service-auth-dev/47650874-04ee-427c-b4b5-e4b5a8064894?X-Amz-Algorithm=AWS4-HMAC-SHA256&X-Amz-Credential=AKIAYKVZV47CU4P6Y7II%2F20240909%2Fus-east-1%2Fs3%2Faws4_request&X-Amz-Date=20240909T113337Z&X-Amz-Expires=30&X-Amz-SignedHeaders=host&X-Amz-Signature=657d56117e4932fff2c2242b36541bdc99bf2e6eb8863ead4d86a54455f51852
b7400300-b1c9-4bca-a244-4ec1f03fc232,5668ee53-2bac-43d1-869e-e0fdbc2fc90f,updated_catia_output_obj,obj,,awaiting_upload_post_processing,2024-09-09T00:44:43.292064,2024-09-09T00:45:37.431565,https://s3.us-east-1.amazonaws.com/istari-file-service-auth-dev/53eb597b-aaae-49ac-afc7-f7845afefa36?X-Amz-Algorithm=AWS4-HMAC-SHA256&X-Amz-Credential=AKIAYKVZV47CU4P6Y7II%2F20240909%2Fus-east-1%2Fs3%2Faws4_request&X-Amz-Date=20240909T113337Z&X-Amz-Expires=30&X-Amz-SignedHeaders=host&X-Amz-Signature=fdc582ce66a216ced7796032ea9d27349915b9e68673df57ba07f2c292d2ec36
b7400300-b1c9-4bca-a244-4ec1f03fc232,a56aacc4-c09e-4770-931d-ab985e6c3827,back.png,png,,awaiting_upload_post_processing,2024-09-09T00:45:37.734256,2024-09-09T00:45:38.111170,https://s3.us-east-1.amazonaws.com/istari-file-service-auth-dev/ebb1d69a-3bb4-4739-90f9-d64892526c92?X-Amz-Algorithm=AWS4-HMAC-SHA256&X-Amz-Credential=AKIAYKVZV47CU4P6Y7II%2F20240909%2Fus-east-1%2Fs3%2Faws4_request&X-Amz-Date=20240909T113337Z&X-Amz-Expires=30&X-Amz-SignedHeaders=host&X-Amz-Signature=4aec83aed48569b06e890964bb8fe59e5fea93d7254f1699f7caf42dd408febf
b7400300-b1c9-4bca-a244-4ec1f03fc232,2f246970-c05c-4643-bc66-baa457653523,bottom.png,png,,awaiting_upload_post_processing,2024-09-09T00:45:38.474880,2024-09-09T00:45:38.827821,https://s3.us-east-1.amazonaws.com/istari-file-service-auth-dev/fa685be2-24ce-4e0d-ad44-30c3a733aee2?X-Amz-Algorithm=AWS4-HMAC-SHA256&X-Amz-Credential=AKIAYKVZV47CU4P6Y7II%2F20240909%2Fus-east-1%2Fs3%2Faws4_request&X-Amz-Date=20240909T113337Z&X-Amz-Expires=30&X-Amz-SignedHeaders=host&X-Amz-Signature=2abc19117dcf206e723404a82c4177c126f8dbf46bb1eef950a42ae974799b1e
b7400300-b1c9-4bca-a244-4ec1f03fc232,6972bd29-947e-4865-bd98-e0098e5e6106,front.png,png,,awaiting_upload_post_processing,2024-09-09T00:45:39.098787,2024-09-09T00:45:39.459723,https://s3.us-east-1.amazonaws.com/istari-file-service-auth-dev/c6d7767f-fda8-4156-bc58-ef78b4cb2942?X-Amz-Algorithm=AWS4-HMAC-SHA256&X-Amz-Credential=AKIAYKVZV47CU4P6Y7II%2F20240909%2Fus-east-1%2Fs3%2Faws4_request&X-Amz-Date=20240909T113338Z&X-Amz-Expires=30&X-Amz-SignedHeaders=host&X-Amz-Signature=dabf11121bc232cf147acef7660a6b149d9d1f7f22951f41bb91b6edbfe0cc1d
b7400300-b1c9-4bca-a244-4ec1f03fc232,933886af-981b-4c2d-9bb4-2b7df5475d5b,iso.png,png,,awaiting_upload_post_processing,2024-09-09T00:45:39.712309,2024-09-09T00:45:39.958059,https://s3.us-east-1.amazonaws.com/istari-file-service-auth-dev/70787a0e-0e6f-4f56-8bf7-c465a3ec4e0f?X-Amz-Algorithm=AWS4-HMAC-SHA256&X-Amz-Credential=AKIAYKVZV47CU4P6Y7II%2F20240909%2Fus-east-1%2Fs3%2Faws4_request&X-Amz-Date=20240909T113338Z&X-Amz-Expires=30&X-Amz-SignedHeaders=host&X-Amz-Signature=8494ae9a1c53306d719d4508f00688b188a7258a327acd9453b0173b4bc884a6
b7400300-b1c9-4bca-a244-4ec1f03fc232,872fdecb-6330-4369-aa01-ad66898e9733,left.png,png,,awaiting_upload_post_processing,2024-09-09T00:45:40.398695,2024-09-09T00:45:41.042593,https://s3.us-east-1.amazonaws.com/istari-file-service-auth-dev/7e6a4053-bb8d-48f5-8d2d-23e12ff01ed9?X-Amz-Algorithm=AWS4-HMAC-SHA256&X-Amz-Credential=AKIAYKVZV47CU4P6Y7II%2F20240909%2Fus-east-1%2Fs3%2Faws4_request&X-Amz-Date=20240909T113338Z&X-Amz-Expires=30&X-Amz-SignedHeaders=host&X-Amz-Signature=ae571fa9df6e4b8af4833470e345d180a4aaafe7ef21fc41127be746da87ee01
b7400300-b1c9-4bca-a244-4ec1f03fc232,405e146d-0eab-4574-80bb-d118777c17e1,right.png,png,,awaiting_upload_post_processing,2024-09-09T00:45:42.158214,2024-09-09T00:45:42.544773,https://s3.us-east-1.amazonaws.com/istari-file-service-auth-dev/4f4c65a8-e62b-4c5c-808b-aed0dee55946?X-Amz-Algorithm=AWS4-HMAC-SHA256&X-Amz-Credential=AKIAYKVZV47CU4P6Y7II%2F20240909%2Fus-east-1%2Fs3%2Faws4_request&X-Amz-Date=20240909T113338Z&X-Amz-Expires=30&X-Amz-SignedHeaders=host&X-Amz-Signature=85a6e21f09282739afa361938e893d35273bab1ec2be62c5520dd8131bb2b609
b7400300-b1c9-4bca-a244-4ec1f03fc232,96139596-97f0-4f2d-aa07-1488b6dd1967,top.png,png,,awaiting_upload_post_processing,2024-09-09T00:45:43.257577,2024-09-09T00:45:44.054224,https://s3.us-east-1.amazonaws.com/istari-file-service-auth-dev/905395ec-338c-4dd5-9218-1c7947f0dca0?X-Amz-Algorithm=AWS4-HMAC-SHA256&X-Amz-Credential=AKIAYKVZV47CU4P6Y7II%2F20240909%2Fus-east-1%2Fs3%2Faws4_request&X-Amz-Date=20240909T113338Z&X-Amz-Expires=30&X-Amz-SignedHeaders=host&X-Amz-Signature=dbe2e37c174e91dfc52743049a3d6998b69ef60891b692173b88b5d3d8aba407
b7400300-b1c9-4bca-a244-4ec1f03fc232,803610a6-d611-435c-b9d2-b7541176a656,bill_of_materials,json,,awaiting_upload_post_processing,2024-09-09T00:44:43.292064,2024-09-09T00:45:44.455910,https://s3.us-east-1.amazonaws.com/istari-file-service-auth-dev/099584c0-c821-4ece-930f-a18d586fa368?X-Amz-Algorithm=AWS4-HMAC-SHA256&X-Amz-Credential=AKIAYKVZV47CU4P6Y7II%2F20240909%2Fus-east-1%2Fs3%2Faws4_request&X-Amz-Date=20240909T113339Z&X-Amz-Expires=30&X-Amz-SignedHeaders=host&X-Amz-Signature=4c9c753baae5f2b191b344e9b441c8ca966e78d0b2b59b7d1098733bf80bd01e
b7400300-b1c9-4bca-a244-4ec1f03fc232,28a0670c-3239-464f-be11-a1a85dce280c,parts,json,,awaiting_upload_post_processing,2024-09-09T00:44:43.292064,2024-09-09T00:45:44.746353,https://s3.us-east-1.amazonaws.com/istari-file-service-auth-dev/59d62ad3-841a-479e-ba8c-0b949105d6b9?X-Amz-Algorithm=AWS4-HMAC-SHA256&X-Amz-Credential=AKIAYKVZV47CU4P6Y7II%2F20240909%2Fus-east-1%2Fs3%2Faws4_request&X-Amz-Date=20240909T113339Z&X-Amz-Expires=30&X-Amz-SignedHeaders=host&X-Amz-Signature=41c1616d3bb89b6278170c9d555740986335628435fc73ef54712c8f80d62aba
b7400300-b1c9-4bca-a244-4ec1f03fc232,5a51a9fe-5ea6-4d89-a5a7-fc1e3f734cf2,parameters,json,,awaiting_upload_post_processing,2024-09-09T00:44:43.292064,2024-09-09T00:45:45.199661,https://s3.us-east-1.amazonaws.com/istari-file-service-auth-dev/bc70fda8-ea6f-49cf-8337-9ca7e8ae963a?X-Amz-Algorithm=AWS4-HMAC-SHA256&X-Amz-Credential=AKIAYKVZV47CU4P6Y7II%2F20240909%2Fus-east-1%2Fs3%2Faws4_request&X-Amz-Date=20240909T113339Z&X-Amz-Expires=30&X-Amz-SignedHeaders=host&X-Amz-Signature=2b336ba875679925cd9598884cc9340469fa421a329ecc834eb88e00ff552e72
b7400300-b1c9-4bca-a244-4ec1f03fc232,b89bdde1-812e-4dc5-8f40-50b1ea9bb22c,mass_properties,json,,awaiting_upload_post_processing,2024-09-09T00:44:43.292064,2024-09-09T00:45:45.584798,https://s3.us-east-1.amazonaws.com/istari-file-service-auth-dev/5a21766b-abbe-44fb-8783-cf1824540c44?X-Amz-Algorithm=AWS4-HMAC-SHA256&X-Amz-Credential=AKIAYKVZV47CU4P6Y7II%2F20240909%2Fus-east-1%2Fs3%2Faws4_request&X-Amz-Date=20240909T113339Z&X-Amz-Expires=30&X-Amz-SignedHeaders=host&X-Amz-Signature=80a49e316c4026bf4966e9c25106ddec79dd6123f92ea7c16b9760d4ca9c33a9
c7dbdc73-c3ec-4ad2-94d1-583697be4da4,9a624268-ebfe-4c42-a3b0-003dc4f34e3a,word_text,txt,,awaiting_upload_post_processing,2024-09-09T00:42:18.173293,2024-09-09T00:42:27.270431,https://s3.us-east-1.amazonaws.com/istari-file-service-auth-dev/dbbe14a7-53ab-4ad1-bf25-3b02f999c9b0?X-Amz-Algorithm=AWS4-HMAC-SHA256&X-Amz-Credential=AKIAYKVZV47CU4P6Y7II%2F20240909%2Fus-east-1%2Fs3%2Faws4_request&X-Amz-Date=20240909T113340Z&X-Amz-Expires=30&X-Amz-SignedHeaders=host&X-Amz-Signature=a1dfc654d3431f64e0b38d10da8699bf97740aeaf2fb7a9cdf78ff79185c7347
c7dbdc73-c3ec-4ad2-94d1-583697be4da4,9f70307b-8ee7-4d0d-956a-e3ee999f6497,Par-Analysis of Alternatives (AoA) for Class.txt,txt,,awaiting_upload_post_processing,2024-09-09T00:42:27.541479,2024-09-09T00:42:27.752196,https://s3.us-east-1.amazonaws.com/istari-file-service-auth-dev/ce73e08a-54fa-432f-b0b4-32b6dc365fb0?X-Amz-Algorithm=AWS4-HMAC-SHA256&X-Amz-Credential=AKIAYKVZV47CU4P6Y7II%2F20240909%2Fus-east-1%2Fs3%2Faws4_request&X-Amz-Date=20240909T113340Z&X-Amz-Expires=30&X-Amz-SignedHeaders=host&X-Amz-Signature=017e97a4d3278e2c64dbfbeeda72639b2015ff030592e88b30c842dd70359fca
c7dbdc73-c3ec-4ad2-94d1-583697be4da4,7e7e6a8b-52fd-4acb-8664-79ccb69c7b5b,Par-Executive Summary.txt,txt,,awaiting_upload_post_processing,2024-09-09T00:42:28.000441,2024-09-09T00:42:28.162176,https://s3.us-east-1.amazonaws.com/istari-file-service-auth-dev/43d0940c-cf4c-48d0-af34-84bac33b5401?X-Amz-Algorithm=AWS4-HMAC-SHA256&X-Amz-Credential=AKIAYKVZV47CU4P6Y7II%2F20240909%2Fus-east-1%2Fs3%2Faws4_request&X-Amz-Date=20240909T113340Z&X-Amz-Expires=30&X-Amz-SignedHeaders=host&X-Amz-Signature=3715d0489617336a56f29580fa97fb6f0ae5b21743b689eaacba7f97407c7e60
c7dbdc73-c3ec-4ad2-94d1-583697be4da4,47a5939e-54ef-402c-bb5b-b0b82953eeb0,Par-This report presents an Analysis of Alte.txt,txt,,awaiting_upload_post_processing,2024-09-09T00:42:28.461365,2024-09-09T00:42:28.627059,https://s3.us-east-1.amazonaws.com/istari-file-service-auth-dev/65366aaf-fe49-41a4-822e-5a278665ae98?X-Amz-Algorithm=AWS4-HMAC-SHA256&X-Amz-Credential=AKIAYKVZV47CU4P6Y7II%2F20240909%2Fus-east-1%2Fs3%2Faws4_request&X-Amz-Date=20240909T113340Z&X-Amz-Expires=30&X-Amz-SignedHeaders=host&X-Amz-Signature=5298aabcc14e3713d05158f4c00ccd06fced4afca708129c0cc4e872bad1d12f
c7dbdc73-c3ec-4ad2-94d1-583697be4da4,1124c753-1f30-4e14-800e-92eba1803a47,Par-1. Introduction.txt,txt,,awaiting_upload_post_processing,2024-09-09T00:42:28.984543,2024-09-09T00:42:29.163012,https://s3.us-east-1.amazonaws.com/istari-file-service-auth-dev/493d36d7-a1c0-43c5-8b2b-1ef9b8059132?X-Amz-Algorithm=AWS4-HMAC-SHA256&X-Amz-Credential=AKIAYKVZV47CU4P6Y7II%2F20240909%2Fus-east-1%2Fs3%2Faws4_request&X-Amz-Date=20240909T113340Z&X-Amz-Expires=30&X-Amz-SignedHeaders=host&X-Amz-Signature=28b904a6552f1d831bb5acdb80624673e25c4a1985e7306775d4643e6ccdcd01
c7dbdc73-c3ec-4ad2-94d1-583697be4da4,bff5cb64-70e8-42cc-abf0-fd7a6d2e369c,Par-1.1 Purpose.txt,txt,,awaiting_upload_post_processing,2024-09-09T00:42:29.435944,2024-09-09T00:42:29.644676,https://s3.us-east-1.amazonaws.com/istari-file-service-auth-dev/a28d625e-86d9-463e-afb0-c389ad3a6325?X-Amz-Algorithm=AWS4-HMAC-SHA256&X-Amz-Credential=AKIAYKVZV47CU4P6Y7II%2F20240909%2Fus-east-1%2Fs3%2Faws4_request&X-Amz-Date=20240909T113341Z&X-Amz-Expires=30&X-Amz-SignedHeaders=host&X-Amz-Signature=90ef526e95cb7dba5793ee3b7f657c0e273667588eeb3bf2fa439d0051e14655
c7dbdc73-c3ec-4ad2-94d1-583697be4da4,da27d2d8-18c1-4b02-8d80-87f74b397387,Par-The purpose of this AoA is to evaluate a.txt,txt,,awaiting_upload_post_processing,2024-09-09T00:42:30.006936,2024-09-09T00:42:30.226169,https://s3.us-east-1.amazonaws.com/istari-file-service-auth-dev/63ad2f6b-7a8a-437b-9ab9-acca899264ca?X-Amz-Algorithm=AWS4-HMAC-SHA256&X-Amz-Credential=AKIAYKVZV47CU4P6Y7II%2F20240909%2Fus-east-1%2Fs3%2Faws4_request&X-Amz-Date=20240909T113341Z&X-Amz-Expires=30&X-Amz-SignedHeaders=host&X-Amz-Signature=02cce883622a7ea61e3405b1e5bb2c3e0032b5da7b0f7f29a1df3a6f3fe5d0da
c7dbdc73-c3ec-4ad2-94d1-583697be4da4,e4bfe772-8398-4738-b073-26b483ac2b9f,Par-1.2 Scope.txt,txt,,awaiting_upload_post_processing,2024-09-09T00:42:30.504534,2024-09-09T00:42:30.725682,https://s3.us-east-1.amazonaws.com/istari-file-service-auth-dev/7afea2d8-823c-400d-81ff-713b97c8df2a?X-Amz-Algorithm=AWS4-HMAC-SHA256&X-Amz-Credential=AKIAYKVZV47CU4P6Y7II%2F20240909%2Fus-east-1%2Fs3%2Faws4_request&X-Amz-Date=20240909T113341Z&X-Amz-Expires=30&X-Amz-SignedHeaders=host&X-Amz-Signature=8aa343ac1752259fc94dacd32f2105fe16edc0983b74801cf968fada4df53e4f
c7dbdc73-c3ec-4ad2-94d1-583697be4da4,6b23f0c0-0556-43a0-8d91-d2b61c61dcb8,Par-This report examines three Class III UAS.txt,txt,,awaiting_upload_post_processing,2024-09-09T00:42:30.981177,2024-09-09T00:42:31.170756,https://s3.us-east-1.amazonaws.com/istari-file-service-auth-dev/2583df9f-8082-47f2-90cc-e7cd81e805da?X-Amz-Algorithm=AWS4-HMAC-SHA256&X-Amz-Credential=AKIAYKVZV47CU4P6Y7II%2F20240909%2Fus-east-1%2Fs3%2Faws4_request&X-Amz-Date=20240909T113341Z&X-Amz-Expires=30&X-Amz-SignedHeaders=host&X-Amz-Signature=e1aa225b2c5c5c85060de190e8f59e7015edf7fdd7e159bc07c3e4e6c30353dd
c7dbdc73-c3ec-4ad2-94d1-583697be4da4,7d5b6f7b-a786-4f11-ab99-7f9d9ecf5e5a,Par-2. Alternatives Description.txt,txt,,awaiting_upload_post_processing,2024-09-09T00:42:31.405356,2024-09-09T00:42:31.622910,https://s3.us-east-1.amazonaws.com/istari-file-service-auth-dev/e9d888dc-4326-481d-ae8f-f2953dda4710?X-Amz-Algorithm=AWS4-HMAC-SHA256&X-Amz-Credential=AKIAYKVZV47CU4P6Y7II%2F20240909%2Fus-east-1%2Fs3%2Faws4_request&X-Amz-Date=20240909T113341Z&X-Amz-Expires=30&X-Amz-SignedHeaders=host&X-Amz-Signature=072c3568ae8bb7ff155c92ef76ce78e812e2e6dbf3264d6faa0ffb057af1bf53
c7dbdc73-c3ec-4ad2-94d1-583697be4da4,52b035a7-1133-431c-a310-a0695caeb458,Par-2.1 Alternative A Raven X3.txt,txt,,awaiting_upload_post_processing,2024-09-09T00:42:31.881298,2024-09-09T00:42:32.059334,https://s3.us-east-1.amazonaws.com/istari-file-service-auth-dev/16e85945-0836-4e29-b0d7-6b3edcf7e65b?X-Amz-Algorithm=AWS4-HMAC-SHA256&X-Amz-Credential=AKIAYKVZV47CU4P6Y7II%2F20240909%2Fus-east-1%2Fs3%2Faws4_request&X-Amz-Date=20240909T113342Z&X-Amz-Expires=30&X-Amz-SignedHeaders=host&X-Amz-Signature=f02ebf85a09d3643ff31c92471bfff53eeade7f706b3f3b0b837a6484434eadb
c7dbdc73-c3ec-4ad2-94d1-583697be4da4,8e2ac1fa-d6de-4192-a7b4-641670145c2c,Par-Manufacturer AeroTech Industries.txt,txt,,awaiting_upload_post_processing,2024-09-09T00:42:32.298240,2024-09-09T00:42:32.495007,https://s3.us-east-1.amazonaws.com/istari-file-service-auth-dev/33a6d65c-c2b9-4bcf-837f-dd96a4116dc9?X-Amz-Algorithm=AWS4-HMAC-SHA256&X-Amz-Credential=AKIAYKVZV47CU4P6Y7II%2F20240909%2Fus-east-1%2Fs3%2Faws4_request&X-Amz-Date=20240909T113342Z&X-Amz-Expires=30&X-Amz-SignedHeaders=host&X-Amz-Signature=50727792a7ab9a3b95998a6fb331ca10345cc3e1f9dab0071289cd9c226603e6
c7dbdc73-c3ec-4ad2-94d1-583697be4da4,fc24c29a-2e4f-44a2-9ae2-8ca2d3fa2515,Par-Payload Capacity 200 lbs.txt,txt,,awaiting_upload_post_processing,2024-09-09T00:42:32.741887,2024-09-09T00:42:32.919732,https://s3.us-east-1.amazonaws.com/istari-file-service-auth-dev/cbfd0b4c-4d96-48ae-89e5-58b0556dba64?X-Amz-Algorithm=AWS4-HMAC-SHA256&X-Amz-Credential=AKIAYKVZV47CU4P6Y7II%2F20240909%2Fus-east-1%2Fs3%2Faws4_request&X-Amz-Date=20240909T113342Z&X-Amz-Expires=30&X-Amz-SignedHeaders=host&X-Amz-Signature=92f8e56c53badfeb6e33dad35825df9369ad858e018d99e23db15b22450b5aad
c7dbdc73-c3ec-4ad2-94d1-583697be4da4,e2400e27-99b2-4ee9-a6e1-f02950e5740f,Par-Range 500 miles.txt,txt,,awaiting_upload_post_processing,2024-09-09T00:42:33.191422,2024-09-09T00:42:33.373208,https://s3.us-east-1.amazonaws.com/istari-file-service-auth-dev/ed8f9c10-fbde-42e6-a12a-7e56b8d48a2b?X-Amz-Algorithm=AWS4-HMAC-SHA256&X-Amz-Credential=AKIAYKVZV47CU4P6Y7II%2F20240909%2Fus-east-1%2Fs3%2Faws4_request&X-Amz-Date=20240909T113342Z&X-Amz-Expires=30&X-Amz-SignedHeaders=host&X-Amz-Signature=3cd5584e452fb7e2002798a706e65fc8b8682e8e47c3e92e1d51d9c69cfb1cd6
c7dbdc73-c3ec-4ad2-94d1-583697be4da4,3d4232fa-d922-4045-bb47-87d77c27ef77,Par-Endurance 20 hours.txt,txt,,awaiting_upload_post_processing,2024-09-09T00:42:33.668682,2024-09-09T00:42:33.851173,https://s3.us-east-1.amazonaws.com/istari-file-service-auth-dev/06cd1783-bc93-4d82-8e39-de1395fd5301?X-Amz-Algorithm=AWS4-HMAC-SHA256&X-Amz-Credential=AKIAYKVZV47CU4P6Y7II%2F20240909%2Fus-east-1%2Fs3%2Faws4_request&X-Amz-Date=20240909T113342Z&X-Amz-Expires=30&X-Amz-SignedHeaders=host&X-Amz-Signature=a9f248a079c88f815b6050f9d137d4b650184ab82158558d2c85ac4fa45480aa
c7dbdc73-c3ec-4ad2-94d1-583697be4da4,2d20adf6-8bf9-478f-bf7e-01c5ed7da2f5,"Par-Key Features Advanced sensors, stealth c.txt",txt,,awaiting_upload_post_processing,2024-09-09T00:42:34.196467,2024-09-09T00:42:34.407395,https://s3.us-east-1.amazonaws.com/istari-file-service-auth-dev/7cbf9754-7a59-4f20-b816-0c25ae289650?X-Amz-Algorithm=AWS4-HMAC-SHA256&X-Amz-Credential=AKIAYKVZV47CU4P6Y7II%2F20240909%2Fus-east-1%2Fs3%2Faws4_request&X-Amz-Date=20240909T113343Z&X-Amz-Expires=30&X-Amz-SignedHeaders=host&X-Amz-Signature=0335d2e68cd389d39f07640fd0ee903d9c7eea0e40f68a3b397bcdbaa44dd154
c7dbdc73-c3ec-4ad2-94d1-583697be4da4,559b9451-3b0a-4a32-b2c7-8b049c67dd97,Par-2.2 Alternative B SkyGuardian.txt,txt,,awaiting_upload_post_processing,2024-09-09T00:42:34.707917,2024-09-09T00:42:35.121333,https://s3.us-east-1.amazonaws.com/istari-file-service-auth-dev/ca753b93-037c-4b9d-aad5-cbd13e74f432?X-Amz-Algorithm=AWS4-HMAC-SHA256&X-Amz-Credential=AKIAYKVZV47CU4P6Y7II%2F20240909%2Fus-east-1%2Fs3%2Faws4_request&X-Amz-Date=20240909T113343Z&X-Amz-Expires=30&X-Amz-SignedHeaders=host&X-Amz-Signature=6db0ae48e1f9b428e12c06f32e8b623aa68584733bd64b745a8e62220f01263b
c7dbdc73-c3ec-4ad2-94d1-583697be4da4,22280233-294d-4552-bc7d-2e022d3aa429,Par-Manufacturer General Dynamics.txt,txt,,awaiting_upload_post_processing,2024-09-09T00:42:35.559833,2024-09-09T00:42:35.838353,https://s3.us-east-1.amazonaws.com/istari-file-service-auth-dev/9e23d451-5c80-4e48-a977-b3df4066db9e?X-Amz-Algorithm=AWS4-HMAC-SHA256&X-Amz-Credential=AKIAYKVZV47CU4P6Y7II%2F20240909%2Fus-east-1%2Fs3%2Faws4_request&X-Amz-Date=20240909T113343Z&X-Amz-Expires=30&X-Amz-SignedHeaders=host&X-Amz-Signature=4bb81ff125a177ad1799459d5c4684b4f39dbf3ff8beb595a154209314e23141
c7dbdc73-c3ec-4ad2-94d1-583697be4da4,449f31d5-d490-436e-bd9e-f930fc6d6d80,Par-Payload Capacity 250 lbs.txt,txt,,awaiting_upload_post_processing,2024-09-09T00:42:36.365756,2024-09-09T00:42:36.673719,https://s3.us-east-1.amazonaws.com/istari-file-service-auth-dev/e5dbb923-619d-4a52-960a-1a335e2f8086?X-Amz-Algorithm=AWS4-HMAC-SHA256&X-Amz-Credential=AKIAYKVZV47CU4P6Y7II%2F20240909%2Fus-east-1%2Fs3%2Faws4_request&X-Amz-Date=20240909T113343Z&X-Amz-Expires=30&X-Amz-SignedHeaders=host&X-Amz-Signature=2fad371e8be1594a79eee3151d2a4ad1f8235552ae32dad963fc73ae10da781e
c7dbdc73-c3ec-4ad2-94d1-583697be4da4,1b484887-6733-46af-95ec-35cbe1b1da1e,Par-Range 600 miles.txt,txt,,awaiting_upload_post_processing,2024-09-09T00:42:36.900271,2024-09-09T00:42:37.059032,https://s3.us-east-1.amazonaws.com/istari-file-service-auth-dev/077fa6c3-f5ad-406c-8c49-b841287de325?X-Amz-Algorithm=AWS4-HMAC-SHA256&X-Amz-Credential=AKIAYKVZV47CU4P6Y7II%2F20240909%2Fus-east-1%2Fs3%2Faws4_request&X-Amz-Date=20240909T113343Z&X-Amz-Expires=30&X-Amz-SignedHeaders=host&X-Amz-Signature=ae079b2896f5c87812990918234e5e05a45d72cc399f9cfcf4bfa07623d7a2e8
c7dbdc73-c3ec-4ad2-94d1-583697be4da4,9c842dd6-6005-49a9-900a-fe6a5485dcdb,Par-Endurance 24 hours.txt,txt,,awaiting_upload_post_processing,2024-09-09T00:42:37.301940,2024-09-09T00:42:37.946878,https://s3.us-east-1.amazonaws.com/istari-file-service-auth-dev/48554aec-9074-412c-9ea5-6389cbb8d4d7?X-Amz-Algorithm=AWS4-HMAC-SHA256&X-Amz-Credential=AKIAYKVZV47CU4P6Y7II%2F20240909%2Fus-east-1%2Fs3%2Faws4_request&X-Amz-Date=20240909T113344Z&X-Amz-Expires=30&X-Amz-SignedHeaders=host&X-Amz-Signature=e385815a7772d609f2badd0e5e60e9685202c1878f27942191209ad16729348e
c7dbdc73-c3ec-4ad2-94d1-583697be4da4,e4f031c7-aac7-43cc-b753-3a50e5738a18,Par-Key Features High-definition ISR (Intell.txt,txt,,awaiting_upload_post_processing,2024-09-09T00:42:38.298127,2024-09-09T00:42:38.517733,https://s3.us-east-1.amazonaws.com/istari-file-service-auth-dev/53a90d09-816f-4629-b29c-d785bce4814d?X-Amz-Algorithm=AWS4-HMAC-SHA256&X-Amz-Credential=AKIAYKVZV47CU4P6Y7II%2F20240909%2Fus-east-1%2Fs3%2Faws4_request&X-Amz-Date=20240909T113344Z&X-Amz-Expires=30&X-Amz-SignedHeaders=host&X-Amz-Signature=5ee6936a87a579f0e939dc08bde74526549f93dc21559ebdb9a6878ad5c00514
c7dbdc73-c3ec-4ad2-94d1-583697be4da4,1739dca0-de88-41f5-904d-39c1d37ebafe,Par-2.3 Alternative C Eagle Eye 3000.txt,txt,,awaiting_upload_post_processing,2024-09-09T00:42:38.779101,2024-09-09T00:42:38.939869,https://s3.us-east-1.amazonaws.com/istari-file-service-auth-dev/d03d9e45-808f-48a1-b1c3-08ab0a7468cc?X-Amz-Algorithm=AWS4-HMAC-SHA256&X-Amz-Credential=AKIAYKVZV47CU4P6Y7II%2F20240909%2Fus-east-1%2Fs3%2Faws4_request&X-Amz-Date=20240909T113344Z&X-Amz-Expires=30&X-Amz-SignedHeaders=host&X-Amz-Signature=763026247a6ea0c9a06776fc5c3352a10d7593c5b2b96ae2f42d4b12c4ff01bd
c7dbdc73-c3ec-4ad2-94d1-583697be4da4,a56d63c1-cf8e-46a5-b665-b016961b0a3f,Par-Manufacturer Lockheed Martin.txt,txt,,awaiting_upload_post_processing,2024-09-09T00:42:39.336398,2024-09-09T00:42:39.528185,https://s3.us-east-1.amazonaws.com/istari-file-service-auth-dev/1c7ff0dc-e75d-4246-88d9-74f15ca4628f?X-Amz-Algorithm=AWS4-HMAC-SHA256&X-Amz-Credential=AKIAYKVZV47CU4P6Y7II%2F20240909%2Fus-east-1%2Fs3%2Faws4_request&X-Amz-Date=20240909T113344Z&X-Amz-Expires=30&X-Amz-SignedHeaders=host&X-Amz-Signature=b211b342e93bf4174358ee4a452fea9272ca04763ff4faa03a769c7ea88ba220
c7dbdc73-c3ec-4ad2-94d1-583697be4da4,1707b497-51dd-4c04-b29f-c2d6d129857b,Par-Payload Capacity 220 lbs.txt,txt,,awaiting_upload_post_processing,2024-09-09T00:42:39.844889,2024-09-09T00:42:40.051270,https://s3.us-east-1.amazonaws.com/istari-file-service-auth-dev/2cc8d193-6132-4910-8c3b-cfe48c80c8cc?X-Amz-Algorithm=AWS4-HMAC-SHA256&X-Amz-Credential=AKIAYKVZV47CU4P6Y7II%2F20240909%2Fus-east-1%2Fs3%2Faws4_request&X-Amz-Date=20240909T113344Z&X-Amz-Expires=30&X-Amz-SignedHeaders=host&X-Amz-Signature=ff42074083b41e61289899ef2c1903bbe0415531df2b1359df44fdce8148fa3d
c7dbdc73-c3ec-4ad2-94d1-583697be4da4,2472efa9-0fad-49e1-9f32-6f778540386a,Par-Range 550 miles.txt,txt,,awaiting_upload_post_processing,2024-09-09T00:42:40.405964,2024-09-09T00:42:40.637591,https://s3.us-east-1.amazonaws.com/istari-file-service-auth-dev/99f6a535-a6cb-43ad-b013-bdb204ad61c7?X-Amz-Algorithm=AWS4-HMAC-SHA256&X-Amz-Credential=AKIAYKVZV47CU4P6Y7II%2F20240909%2Fus-east-1%2Fs3%2Faws4_request&X-Amz-Date=20240909T113345Z&X-Amz-Expires=30&X-Amz-SignedHeaders=host&X-Amz-Signature=905961778d5310cdaee49538e410328b30d9467b0e14e2842aa5e258b68525e6
c7dbdc73-c3ec-4ad2-94d1-583697be4da4,4ae9a9f7-5967-4a4a-9311-ff6f31a26c10,Par-Endurance 22 hours.txt,txt,,awaiting_upload_post_processing,2024-09-09T00:42:41.114804,2024-09-09T00:42:41.250779,https://s3.us-east-1.amazonaws.com/istari-file-service-auth-dev/bac1f7ef-ba2f-42bb-96e1-e8722c2398d0?X-Amz-Algorithm=AWS4-HMAC-SHA256&X-Amz-Credential=AKIAYKVZV47CU4P6Y7II%2F20240909%2Fus-east-1%2Fs3%2Faws4_request&X-Amz-Date=20240909T113345Z&X-Amz-Expires=30&X-Amz-SignedHeaders=host&X-Amz-Signature=1251d6a8d198bcc3e2166971a99c71ccea00f42be90d96c1b2b1b6472ebaf6c8
c7dbdc73-c3ec-4ad2-94d1-583697be4da4,42d93bcc-3f46-428b-a39c-464f4191a7c7,"Par-Key Features Real-time data link, robust.txt",txt,,awaiting_upload_post_processing,2024-09-09T00:42:41.495462,2024-09-09T00:42:41.668000,https://s3.us-east-1.amazonaws.com/istari-file-service-auth-dev/be7c6c4d-c8c2-44e1-9739-70bcd68d4b21?X-Amz-Algorithm=AWS4-HMAC-SHA256&X-Amz-Credential=AKIAYKVZV47CU4P6Y7II%2F20240909%2Fus-east-1%2Fs3%2Faws4_request&X-Amz-Date=20240909T113345Z&X-Amz-Expires=30&X-Amz-SignedHeaders=host&X-Amz-Signature=3d7e1420d41e479156b8be26726d4af7569320b0fea31367f53688fdfa28dd11
c7dbdc73-c3ec-4ad2-94d1-583697be4da4,5d25db74-c748-418d-a2b8-495aaded545c,Par-3. Evaluation Criteria.txt,txt,,awaiting_upload_post_processing,2024-09-09T00:42:41.956524,2024-09-09T00:42:42.105692,https://s3.us-east-1.amazonaws.com/istari-file-service-auth-dev/6c8a461d-d7b6-4c19-bfab-f4a7078159e8?X-Amz-Algorithm=AWS4-HMAC-SHA256&X-Amz-Credential=AKIAYKVZV47CU4P6Y7II%2F20240909%2Fus-east-1%2Fs3%2Faws4_request&X-Amz-Date=20240909T113345Z&X-Amz-Expires=30&X-Amz-SignedHeaders=host&X-Amz-Signature=db5b8fb6ce01b101d147e08b0bbdcbceec652917e546de38c193333899009ef1
c7dbdc73-c3ec-4ad2-94d1-583697be4da4,5ec5bca6-8714-478b-9427-f6c62cae2a67,Par-3.1 Operational Effectiveness.txt,txt,,awaiting_upload_post_processing,2024-09-09T00:42:42.376681,2024-09-09T00:42:43.382204,https://s3.us-east-1.amazonaws.com/istari-file-service-auth-dev/714ed5d2-624c-4648-bd64-c1bf1f66f5f1?X-Amz-Algorithm=AWS4-HMAC-SHA256&X-Amz-Credential=AKIAYKVZV47CU4P6Y7II%2F20240909%2Fus-east-1%2Fs3%2Faws4_request&X-Amz-Date=20240909T113346Z&X-Amz-Expires=30&X-Amz-SignedHeaders=host&X-Amz-Signature=fa8366e8281197572bada8a89f1bf504ba2963198e09e11de5a81f5799669438
c7dbdc73-c3ec-4ad2-94d1-583697be4da4,72a7d9fc-8fae-4943-ac00-a3d2fb20527e,Par-Operational effectiveness assesses how w.txt,txt,,awaiting_upload_post_processing,2024-09-09T00:42:44.274813,2024-09-09T00:42:44.453544,https://s3.us-east-1.amazonaws.com/istari-file-service-auth-dev/6f9ef922-1de7-4884-8467-cb0b17f1bd45?X-Amz-Algorithm=AWS4-HMAC-SHA256&X-Amz-Credential=AKIAYKVZV47CU4P6Y7II%2F20240909%2Fus-east-1%2Fs3%2Faws4_request&X-Amz-Date=20240909T113346Z&X-Amz-Expires=30&X-Amz-SignedHeaders=host&X-Amz-Signature=a4c410f223442ce2dec6cde9b30c03e4fde3ea2ae2cd2cc6462f092d5d55dc26
c7dbdc73-c3ec-4ad2-94d1-583697be4da4,2088355b-9443-4b83-9a74-19a936bd3e5e,Par-3.2 Cost.txt,txt,,awaiting_upload_post_processing,2024-09-09T00:42:45.441350,2024-09-09T00:42:45.637754,https://s3.us-east-1.amazonaws.com/istari-file-service-auth-dev/55681d77-1679-4a0b-b0fc-64bca6b26242?X-Amz-Algorithm=AWS4-HMAC-SHA256&X-Amz-Credential=AKIAYKVZV47CU4P6Y7II%2F20240909%2Fus-east-1%2Fs3%2Faws4_request&X-Amz-Date=20240909T113346Z&X-Amz-Expires=30&X-Amz-SignedHeaders=host&X-Amz-Signature=f1d741e2d1a77f8a745581510ad9c652bec3a36e6cbfe1de37e5b0d63ba0490e
c7dbdc73-c3ec-4ad2-94d1-583697be4da4,14721c46-1e24-467e-9b2f-06b6ce260410,Par-Cost evaluation includes initial procure.txt,txt,,awaiting_upload_post_processing,2024-09-09T00:42:45.896158,2024-09-09T00:42:46.082124,https://s3.us-east-1.amazonaws.com/istari-file-service-auth-dev/c4021503-a9f8-4a1d-a4f5-866207ddac00?X-Amz-Algorithm=AWS4-HMAC-SHA256&X-Amz-Credential=AKIAYKVZV47CU4P6Y7II%2F20240909%2Fus-east-1%2Fs3%2Faws4_request&X-Amz-Date=20240909T113346Z&X-Amz-Expires=30&X-Amz-SignedHeaders=host&X-Amz-Signature=430b6df1e2bea16ca8416d42063fd51b3e63370247ec7d845446580bd250a1d2
c7dbdc73-c3ec-4ad2-94d1-583697be4da4,2f8d906e-d4c7-423f-9994-a08e818cad6b,Par-3.3 Risk.txt,txt,,awaiting_upload_post_processing,2024-09-09T00:42:46.362197,2024-09-09T00:42:46.563912,https://s3.us-east-1.amazonaws.com/istari-file-service-auth-dev/7c976de0-fe7c-438a-873f-db32ca27a439?X-Amz-Algorithm=AWS4-HMAC-SHA256&X-Amz-Credential=AKIAYKVZV47CU4P6Y7II%2F20240909%2Fus-east-1%2Fs3%2Faws4_request&X-Amz-Date=20240909T113346Z&X-Amz-Expires=30&X-Amz-SignedHeaders=host&X-Amz-Signature=5e2f1240b576585d5b00d59f3eaa3fc84e30a041e24a00a9bd6e8998ae95cd35
c7dbdc73-c3ec-4ad2-94d1-583697be4da4,3d25f299-66a1-4597-8218-7fb78c56eedd,"Par-Risk analysis considers technical, opera.txt",txt,,awaiting_upload_post_processing,2024-09-09T00:42:46.806291,2024-09-09T00:42:47.010730,https://s3.us-east-1.amazonaws.com/istari-file-service-auth-dev/32d90f1f-047b-4ea9-b440-1ff8f7d8c02b?X-Amz-Algorithm=AWS4-HMAC-SHA256&X-Amz-Credential=AKIAYKVZV47CU4P6Y7II%2F20240909%2Fus-east-1%2Fs3%2Faws4_request&X-Amz-Date=20240909T113347Z&X-Amz-Expires=30&X-Amz-SignedHeaders=host&X-Amz-Signature=c5b423317d9e0c29f53f3015b73290e5ca8e4492cecf012bacbda955106e94b6
c7dbdc73-c3ec-4ad2-94d1-583697be4da4,ec2a7074-f0ef-48c3-9c45-19fbcf8fabe0,Par-3.4 Technical Maturity.txt,txt,,awaiting_upload_post_processing,2024-09-09T00:42:47.295117,2024-09-09T00:42:47.478825,https://s3.us-east-1.amazonaws.com/istari-file-service-auth-dev/a6c5e988-3975-4fc5-8fd8-46438c365cbe?X-Amz-Algorithm=AWS4-HMAC-SHA256&X-Amz-Credential=AKIAYKVZV47CU4P6Y7II%2F20240909%2Fus-east-1%2Fs3%2Faws4_request&X-Amz-Date=20240909T113347Z&X-Amz-Expires=30&X-Amz-SignedHeaders=host&X-Amz-Signature=b7582d141826958dc9e04526f2df3864b03dd799bd5fda41c3381a546912ba2f
c7dbdc73-c3ec-4ad2-94d1-583697be4da4,cc2ab95e-5301-48b8-8d90-882d3bbc8d1f,Par-Technical maturity evaluates the readine.txt,txt,,awaiting_upload_post_processing,2024-09-09T00:42:47.703988,2024-09-09T00:42:47.923719,https://s3.us-east-1.amazonaws.com/istari-file-service-auth-dev/1a714d42-67e5-4026-915f-a0ecbbdb3085?X-Amz-Algorithm=AWS4-HMAC-SHA256&X-Amz-Credential=AKIAYKVZV47CU4P6Y7II%2F20240909%2Fus-east-1%2Fs3%2Faws4_request&X-Amz-Date=20240909T113347Z&X-Amz-Expires=30&X-Amz-SignedHeaders=host&X-Amz-Signature=6b135785ef46ccb2897c8238c4a82f0419ee2ce25b69208acb8f2ce51471c550
c7dbdc73-c3ec-4ad2-94d1-583697be4da4,f856f51c-8ab2-49ec-818a-4411491e3788,Par-4. Analysis of Alternatives.txt,txt,,awaiting_upload_post_processing,2024-09-09T00:42:48.176332,2024-09-09T00:42:48.336548,https://s3.us-east-1.amazonaws.com/istari-file-service-auth-dev/52bf8b89-35f7-4560-8f47-2c9eefc3cc37?X-Amz-Algorithm=AWS4-HMAC-SHA256&X-Amz-Credential=AKIAYKVZV47CU4P6Y7II%2F20240909%2Fus-east-1%2Fs3%2Faws4_request&X-Amz-Date=20240909T113347Z&X-Amz-Expires=30&X-Amz-SignedHeaders=host&X-Amz-Signature=820efd2880cf6c2f52da58c373159d7d9c993a79057010dd1ea91891f708c851
c7dbdc73-c3ec-4ad2-94d1-583697be4da4,2ec5acaf-34b7-4b96-8bbb-a8e3356bb726,Par-4.1 Operational Effectiveness.txt,txt,,awaiting_upload_post_processing,2024-09-09T00:42:48.608776,2024-09-09T00:42:48.818815,https://s3.us-east-1.amazonaws.com/istari-file-service-auth-dev/65ceb1df-e103-40a9-9b20-a2741f077d01?X-Amz-Algorithm=AWS4-HMAC-SHA256&X-Amz-Credential=AKIAYKVZV47CU4P6Y7II%2F20240909%2Fus-east-1%2Fs3%2Faws4_request&X-Amz-Date=20240909T113347Z&X-Amz-Expires=30&X-Amz-SignedHeaders=host&X-Amz-Signature=feb93ebc91d69f5fc862becbeda6b77fc13fb17192f2b063818520f1a239ba11
c7dbdc73-c3ec-4ad2-94d1-583697be4da4,47ea5c75-9cf1-46cc-b17a-dbc2c0256497,Par-Alternative A Raven X3.txt,txt,,awaiting_upload_post_processing,2024-09-09T00:42:49.066762,2024-09-09T00:42:49.256789,https://s3.us-east-1.amazonaws.com/istari-file-service-auth-dev/e6e42a6d-78fb-45ea-8815-4ee90468ebad?X-Amz-Algorithm=AWS4-HMAC-SHA256&X-Amz-Credential=AKIAYKVZV47CU4P6Y7II%2F20240909%2Fus-east-1%2Fs3%2Faws4_request&X-Amz-Date=20240909T113348Z&X-Amz-Expires=30&X-Amz-SignedHeaders=host&X-Amz-Signature=c74b5e658fed734102ab46439347933c140d9dbd981c6d2a64088cbab69c1edb
c7dbdc73-c3ec-4ad2-94d1-583697be4da4,08b61a1a-f9e1-44b5-bf4c-cdae013d2920,Par-Strengths Excellent stealth capabilities.txt,txt,,awaiting_upload_post_processing,2024-09-09T00:42:49.696818,2024-09-09T00:42:49.916036,https://s3.us-east-1.amazonaws.com/istari-file-service-auth-dev/527c62d2-1864-4c98-8974-65ddb82f6912?X-Amz-Algorithm=AWS4-HMAC-SHA256&X-Amz-Credential=AKIAYKVZV47CU4P6Y7II%2F20240909%2Fus-east-1%2Fs3%2Faws4_request&X-Amz-Date=20240909T113348Z&X-Amz-Expires=30&X-Amz-SignedHeaders=host&X-Amz-Signature=939b7f6ba8daa1c5fc670bb79d1061d185006f57ee2b158db4bcfd389b440650
c7dbdc73-c3ec-4ad2-94d1-583697be4da4,b2df91b5-c5a4-4194-aff8-35e409ca363b,Par-Weaknesses Slightly lower payload capaci.txt,txt,,awaiting_upload_post_processing,2024-09-09T00:42:50.335341,2024-09-09T00:42:50.517598,https://s3.us-east-1.amazonaws.com/istari-file-service-auth-dev/8500718e-586c-42fd-8fed-894cec30b741?X-Amz-Algorithm=AWS4-HMAC-SHA256&X-Amz-Credential=AKIAYKVZV47CU4P6Y7II%2F20240909%2Fus-east-1%2Fs3%2Faws4_request&X-Amz-Date=20240909T113348Z&X-Amz-Expires=30&X-Amz-SignedHeaders=host&X-Amz-Signature=17faf12aa5e130fd64292ee7bd0c7704beb2833943b5064a8bde811e07689697
c7dbdc73-c3ec-4ad2-94d1-583697be4da4,0da2f8fd-d82f-4cdb-a3e5-9a259e4382a4,Par-Alternative B SkyGuardian.txt,txt,,awaiting_upload_post_processing,2024-09-09T00:42:50.970490,2024-09-09T00:42:51.150711,https://s3.us-east-1.amazonaws.com/istari-file-service-auth-dev/fef91be8-7fed-454d-a15c-16da3384c78d?X-Amz-Algorithm=AWS4-HMAC-SHA256&X-Amz-Credential=AKIAYKVZV47CU4P6Y7II%2F20240909%2Fus-east-1%2Fs3%2Faws4_request&X-Amz-Date=20240909T113348Z&X-Amz-Expires=30&X-Amz-SignedHeaders=host&X-Amz-Signature=7d36de4633fa0d8f8011d3fa2e369021c6fb08ff77bc45d362fb15ed5e31055d
c7dbdc73-c3ec-4ad2-94d1-583697be4da4,5bf5835e-bf78-4f86-8629-1c4dada79f81,"Par-Strengths Highest payload capacity, long.txt",txt,,awaiting_upload_post_processing,2024-09-09T00:42:51.394759,2024-09-09T00:42:51.617090,https://s3.us-east-1.amazonaws.com/istari-file-service-auth-dev/80ca8477-c629-4e08-9e3f-4458b35f63e6?X-Amz-Algorithm=AWS4-HMAC-SHA256&X-Amz-Credential=AKIAYKVZV47CU4P6Y7II%2F20240909%2Fus-east-1%2Fs3%2Faws4_request&X-Amz-Date=20240909T113348Z&X-Amz-Expires=30&X-Amz-SignedHeaders=host&X-Amz-Signature=05076589c42e56c41e1ad0c2df19b46f77749033f673c69fde2940d559748db4
c7dbdc73-c3ec-4ad2-94d1-583697be4da4,d6aa0f34-3365-490a-bc56-9c635fa5c3df,Par-Weaknesses Higher dependency on secure c.txt,txt,,awaiting_upload_post_processing,2024-09-09T00:42:51.902768,2024-09-09T00:42:52.105715,https://s3.us-east-1.amazonaws.com/istari-file-service-auth-dev/4cecfda6-b184-4efa-aa00-3471aab98b18?X-Amz-Algorithm=AWS4-HMAC-SHA256&X-Amz-Credential=AKIAYKVZV47CU4P6Y7II%2F20240909%2Fus-east-1%2Fs3%2Faws4_request&X-Amz-Date=20240909T113349Z&X-Amz-Expires=30&X-Amz-SignedHeaders=host&X-Amz-Signature=59829684be561314df07483d1890ddc14ab461bc1ab509bd411ff413a75e2d65
c7dbdc73-c3ec-4ad2-94d1-583697be4da4,ba06c906-a7ce-4bc3-a3d1-36448949ea79,Par-Alternative C Eagle Eye 3000.txt,txt,,awaiting_upload_post_processing,2024-09-09T00:42:52.360207,2024-09-09T00:42:52.638631,https://s3.us-east-1.amazonaws.com/istari-file-service-auth-dev/91d174c4-a53f-41c1-82f0-3d97de4d6493?X-Amz-Algorithm=AWS4-HMAC-SHA256&X-Amz-Credential=AKIAYKVZV47CU4P6Y7II%2F20240909%2Fus-east-1%2Fs3%2Faws4_request&X-Amz-Date=20240909T113349Z&X-Amz-Expires=30&X-Amz-SignedHeaders=host&X-Amz-Signature=32f07c42df990f508de05e68432b5845017288e5c9abd225aa91c7d913e30dcf
c7dbdc73-c3ec-4ad2-94d1-583697be4da4,58debf94-e982-4f20-8d96-d64120effc70,"Par-Strengths Balanced capabilities, strong .txt",txt,,awaiting_upload_post_processing,2024-09-09T00:42:52.996487,2024-09-09T00:42:53.225951,https://s3.us-east-1.amazonaws.com/istari-file-service-auth-dev/366578fb-0c5c-491e-9ae3-2df2b6c184f4?X-Amz-Algorithm=AWS4-HMAC-SHA256&X-Amz-Credential=AKIAYKVZV47CU4P6Y7II%2F20240909%2Fus-east-1%2Fs3%2Faws4_request&X-Amz-Date=20240909T113349Z&X-Amz-Expires=30&X-Amz-SignedHeaders=host&X-Amz-Signature=8eb90ddaacc8de8575c864c621961c225c0886d4aa6d6da6e79b355b9cd22d4d
c7dbdc73-c3ec-4ad2-94d1-583697be4da4,3aa8f7a6-df03-4f99-8c72-2ae848ade0d4,Par-Weaknesses Mid-range in both payload and.txt,txt,,awaiting_upload_post_processing,2024-09-09T00:42:53.495192,2024-09-09T00:42:53.708612,https://s3.us-east-1.amazonaws.com/istari-file-service-auth-dev/e3ca01fa-4f99-4784-bc77-9ccaf7f96d35?X-Amz-Algorithm=AWS4-HMAC-SHA256&X-Amz-Credential=AKIAYKVZV47CU4P6Y7II%2F20240909%2Fus-east-1%2Fs3%2Faws4_request&X-Amz-Date=20240909T113349Z&X-Amz-Expires=30&X-Amz-SignedHeaders=host&X-Amz-Signature=20bea7a3efbd6955a8d93f179d465ba7f678771c3c71ae33505ccbbbb623c29b
c7dbdc73-c3ec-4ad2-94d1-583697be4da4,c7034d5c-6a37-43fe-aeaf-380af8a156b8,Par-4.2 Cost.txt,txt,,awaiting_upload_post_processing,2024-09-09T00:42:53.988517,2024-09-09T00:42:54.169090,https://s3.us-east-1.amazonaws.com/istari-file-service-auth-dev/faa6e8a7-02db-4b09-bf8e-62caae874876?X-Amz-Algorithm=AWS4-HMAC-SHA256&X-Amz-Credential=AKIAYKVZV47CU4P6Y7II%2F20240909%2Fus-east-1%2Fs3%2Faws4_request&X-Amz-Date=20240909T113350Z&X-Amz-Expires=30&X-Amz-SignedHeaders=host&X-Amz-Signature=7f15fbdec374bd23a1fbdedc6dbde494fd669657fb98d06e1994c5ca6c6df82d
c7dbdc73-c3ec-4ad2-94d1-583697be4da4,f049f49e-bfcb-49cb-8f07-195fd027bcf4,Par-Alternative A Raven X3.txt,txt,,awaiting_upload_post_processing,2024-09-09T00:42:54.443295,2024-09-09T00:42:54.725545,https://s3.us-east-1.amazonaws.com/istari-file-service-auth-dev/44cd238a-c6bd-4776-9cca-b9adc62f11b2?X-Amz-Algorithm=AWS4-HMAC-SHA256&X-Amz-Credential=AKIAYKVZV47CU4P6Y7II%2F20240909%2Fus-east-1%2Fs3%2Faws4_request&X-Amz-Date=20240909T113350Z&X-Amz-Expires=30&X-Amz-SignedHeaders=host&X-Amz-Signature=52095d2d2b8d3ef4d147aead4d66ed02375996afd056f67ba8a5d66d5a6cafb1
c7dbdc73-c3ec-4ad2-94d1-583697be4da4,29fafb95-5b85-46c8-a84c-a9dceecb0db3,Par-Initial Cost $15 million per unit.txt,txt,,awaiting_upload_post_processing,2024-09-09T00:42:55.085728,2024-09-09T00:42:55.285124,https://s3.us-east-1.amazonaws.com/istari-file-service-auth-dev/aaba59d6-0717-42d2-b755-46cf4d112c39?X-Amz-Algorithm=AWS4-HMAC-SHA256&X-Amz-Credential=AKIAYKVZV47CU4P6Y7II%2F20240909%2Fus-east-1%2Fs3%2Faws4_request&X-Amz-Date=20240909T113350Z&X-Amz-Expires=30&X-Amz-SignedHeaders=host&X-Amz-Signature=2271fef20c8cde9a71ef54d523d518999bb384b1b6dfa9eb5bddcbf6be05411a
c7dbdc73-c3ec-4ad2-94d1-583697be4da4,05221027-c3d5-4e4f-8fa6-d9665c0c9b7f,Par-Lifecycle Cost $40 million over 10 years.txt,txt,,awaiting_upload_post_processing,2024-09-09T00:42:55.562244,2024-09-09T00:42:55.753552,https://s3.us-east-1.amazonaws.com/istari-file-service-auth-dev/7ff79c5c-b974-40c2-ab5a-af86f8fb0ee3?X-Amz-Algorithm=AWS4-HMAC-SHA256&X-Amz-Credential=AKIAYKVZV47CU4P6Y7II%2F20240909%2Fus-east-1%2Fs3%2Faws4_request&X-Amz-Date=20240909T113350Z&X-Amz-Expires=30&X-Amz-SignedHeaders=host&X-Amz-Signature=80b338cecb619da210523debdb3ece8babc1facbd16fb7beecc29877d70deda4
c7dbdc73-c3ec-4ad2-94d1-583697be4da4,90912f91-3acb-4362-b607-f95d7fdd8255,Par-Alternative B SkyGuardian.txt,txt,,awaiting_upload_post_processing,2024-09-09T00:42:56.006203,2024-09-09T00:42:56.209825,https://s3.us-east-1.amazonaws.com/istari-file-service-auth-dev/61fc8e9a-1478-4daf-82bf-0519f5ecd80e?X-Amz-Algorithm=AWS4-HMAC-SHA256&X-Amz-Credential=AKIAYKVZV47CU4P6Y7II%2F20240909%2Fus-east-1%2Fs3%2Faws4_request&X-Amz-Date=20240909T113351Z&X-Amz-Expires=30&X-Amz-SignedHeaders=host&X-Amz-Signature=b96182ff9774f8813f1532fc467dec6d60c8266e71c077c5758c2b8c7be40915
c7dbdc73-c3ec-4ad2-94d1-583697be4da4,c7df18ac-39da-4a6d-ad27-3b76d3817ca1,Par-Initial Cost $18 million per unit.txt,txt,,awaiting_upload_post_processing,2024-09-09T00:42:56.571330,2024-09-09T00:42:56.943783,https://s3.us-east-1.amazonaws.com/istari-file-service-auth-dev/77c25b5b-2493-4ed7-8a89-5313f740a1a4?X-Amz-Algorithm=AWS4-HMAC-SHA256&X-Amz-Credential=AKIAYKVZV47CU4P6Y7II%2F20240909%2Fus-east-1%2Fs3%2Faws4_request&X-Amz-Date=20240909T113351Z&X-Amz-Expires=30&X-Amz-SignedHeaders=host&X-Amz-Signature=37d901170f5a251435e2dd948a137821b5833022ec4a16bab1394a38f9baab99
c7dbdc73-c3ec-4ad2-94d1-583697be4da4,ce1c74f8-7a7f-4eb6-97d9-81fb130b5c5f,Par-Lifecycle Cost $45 million over 10 years.txt,txt,,awaiting_upload_post_processing,2024-09-09T00:42:57.796863,2024-09-09T00:42:57.970743,https://s3.us-east-1.amazonaws.com/istari-file-service-auth-dev/ec94a3b0-f384-4120-9b97-621d9088b1d0?X-Amz-Algorithm=AWS4-HMAC-SHA256&X-Amz-Credential=AKIAYKVZV47CU4P6Y7II%2F20240909%2Fus-east-1%2Fs3%2Faws4_request&X-Amz-Date=20240909T113351Z&X-Amz-Expires=30&X-Amz-SignedHeaders=host&X-Amz-Signature=a9be5c72938d56d244d8162ee4429346835320b0ea1fc8b3a49b3da7c49719b2
c7dbdc73-c3ec-4ad2-94d1-583697be4da4,f1702719-ba2b-4a1c-89f7-0b03ce64a137,Par-Alternative C Eagle Eye 3000.txt,txt,,awaiting_upload_post_processing,2024-09-09T00:42:58.268489,2024-09-09T00:42:58.474340,https://s3.us-east-1.amazonaws.com/istari-file-service-auth-dev/17e97889-844b-4363-9601-f07a0a148477?X-Amz-Algorithm=AWS4-HMAC-SHA256&X-Amz-Credential=AKIAYKVZV47CU4P6Y7II%2F20240909%2Fus-east-1%2Fs3%2Faws4_request&X-Amz-Date=20240909T113351Z&X-Amz-Expires=30&X-Amz-SignedHeaders=host&X-Amz-Signature=d310862104ad9434b975ea9c9e5516a125294e8a11fc8b73ced944aff1ccdc72
c7dbdc73-c3ec-4ad2-94d1-583697be4da4,6680d48c-0207-443b-9962-13b01cba13a0,Par-Initial Cost $16 million per unit.txt,txt,,awaiting_upload_post_processing,2024-09-09T00:42:58.736813,2024-09-09T00:42:58.918590,https://s3.us-east-1.amazonaws.com/istari-file-service-auth-dev/a06a75bb-53bc-4260-bb69-061d4683aa02?X-Amz-Algorithm=AWS4-HMAC-SHA256&X-Amz-Credential=AKIAYKVZV47CU4P6Y7II%2F20240909%2Fus-east-1%2Fs3%2Faws4_request&X-Amz-Date=20240909T113351Z&X-Amz-Expires=30&X-Amz-SignedHeaders=host&X-Amz-Signature=5bf559c45881794eb69c1c58beab611ce7ce05464c981271a277ba65c16a856a
c7dbdc73-c3ec-4ad2-94d1-583697be4da4,ed55a6bb-63dd-4642-b103-a98eaa3b4ff6,Par-Lifecycle Cost $42 million over 10 years.txt,txt,,awaiting_upload_post_processing,2024-09-09T00:42:59.171623,2024-09-09T00:42:59.342073,https://s3.us-east-1.amazonaws.com/istari-file-service-auth-dev/699c73f5-1138-42f5-be39-c9ca914f2318?X-Amz-Algorithm=AWS4-HMAC-SHA256&X-Amz-Credential=AKIAYKVZV47CU4P6Y7II%2F20240909%2Fus-east-1%2Fs3%2Faws4_request&X-Amz-Date=20240909T113352Z&X-Amz-Expires=30&X-Amz-SignedHeaders=host&X-Amz-Signature=3cc29ac29fe241b0f79fd8bfdcd692a3f97ffbf4a00ad620bf6c2a2946856c3c
c7dbdc73-c3ec-4ad2-94d1-583697be4da4,8cd59a37-beb8-4594-a984-6abfac31271e,Par-4.3 Risk.txt,txt,,awaiting_upload_post_processing,2024-09-09T00:42:59.630910,2024-09-09T00:42:59.850905,https://s3.us-east-1.amazonaws.com/istari-file-service-auth-dev/6245b17d-a2d3-4e00-99cf-6a90f90b28bb?X-Amz-Algorithm=AWS4-HMAC-SHA256&X-Amz-Credential=AKIAYKVZV47CU4P6Y7II%2F20240909%2Fus-east-1%2Fs3%2Faws4_request&X-Amz-Date=20240909T113352Z&X-Amz-Expires=30&X-Amz-SignedHeaders=host&X-Amz-Signature=3bfebc7358533bdff76f03293210fed07d9a42a27859d881a380829e3edf047c
c7dbdc73-c3ec-4ad2-94d1-583697be4da4,afce5cc4-6952-4cef-ac6d-5647df624fb0,Par-Alternative A Raven X3.txt,txt,,awaiting_upload_post_processing,2024-09-09T00:43:00.161146,2024-09-09T00:43:00.401084,https://s3.us-east-1.amazonaws.com/istari-file-service-auth-dev/00ce3d76-5c97-4420-bd8a-1b6e2d4a6387?X-Amz-Algorithm=AWS4-HMAC-SHA256&X-Amz-Credential=AKIAYKVZV47CU4P6Y7II%2F20240909%2Fus-east-1%2Fs3%2Faws4_request&X-Amz-Date=20240909T113352Z&X-Amz-Expires=30&X-Amz-SignedHeaders=host&X-Amz-Signature=f0df57c48ccd7837a68c8fbbb56602424fe12a263f70b22dca4a27e23cc0ecd6
c7dbdc73-c3ec-4ad2-94d1-583697be4da4,131a33bd-76e2-452a-99d1-0fe6eecd78dc,Par-Technical Risk Medium (advanced features.txt,txt,,awaiting_upload_post_processing,2024-09-09T00:43:00.943513,2024-09-09T00:43:01.243288,https://s3.us-east-1.amazonaws.com/istari-file-service-auth-dev/6d41e82c-67d1-4f94-9adf-dad37beef1b9?X-Amz-Algorithm=AWS4-HMAC-SHA256&X-Amz-Credential=AKIAYKVZV47CU4P6Y7II%2F20240909%2Fus-east-1%2Fs3%2Faws4_request&X-Amz-Date=20240909T113352Z&X-Amz-Expires=30&X-Amz-SignedHeaders=host&X-Amz-Signature=bcbe456904754e7912327d162a182df7a0b37690c6225013ca7b12f31b1973aa
c7dbdc73-c3ec-4ad2-94d1-583697be4da4,4703b655-eb63-4719-bec2-ef78fea42da3,Par-Operational Risk Low (highly autonomous).txt,txt,,awaiting_upload_post_processing,2024-09-09T00:43:01.524280,2024-09-09T00:43:01.723818,https://s3.us-east-1.amazonaws.com/istari-file-service-auth-dev/46b3ddca-ae0e-4e86-818c-cfd81f487893?X-Amz-Algorithm=AWS4-HMAC-SHA256&X-Amz-Credential=AKIAYKVZV47CU4P6Y7II%2F20240909%2Fus-east-1%2Fs3%2Faws4_request&X-Amz-Date=20240909T113352Z&X-Amz-Expires=30&X-Amz-SignedHeaders=host&X-Amz-Signature=e6e3c4eb62d824e487eac7dad5dd9a5886c3d1a98f0a620306362831c02f9aca
c7dbdc73-c3ec-4ad2-94d1-583697be4da4,db80ad35-575b-46f2-951c-c544b62c929e,Par-Alternative B SkyGuardian.txt,txt,,awaiting_upload_post_processing,2024-09-09T00:43:01.982977,2024-09-09T00:43:02.156496,https://s3.us-east-1.amazonaws.com/istari-file-service-auth-dev/82cd5489-9587-4bd1-af31-83b4893f97bd?X-Amz-Algorithm=AWS4-HMAC-SHA256&X-Amz-Credential=AKIAYKVZV47CU4P6Y7II%2F20240909%2Fus-east-1%2Fs3%2Faws4_request&X-Amz-Date=20240909T113353Z&X-Amz-Expires=30&X-Amz-SignedHeaders=host&X-Amz-Signature=a709ab22fa7822811875bf8fff4af460aedea1b975f70979e91ce169bae21779
c7dbdc73-c3ec-4ad2-94d1-583697be4da4,e1353464-67bf-485a-8e1e-3d68d0078e27,Par-Technical Risk Medium (requires secure c.txt,txt,,awaiting_upload_post_processing,2024-09-09T00:43:02.420723,2024-09-09T00:43:02.641224,https://s3.us-east-1.amazonaws.com/istari-file-service-auth-dev/7dc396e1-30b2-4d7c-ae4f-6fab0b32f618?X-Amz-Algorithm=AWS4-HMAC-SHA256&X-Amz-Credential=AKIAYKVZV47CU4P6Y7II%2F20240909%2Fus-east-1%2Fs3%2Faws4_request&X-Amz-Date=20240909T113353Z&X-Amz-Expires=30&X-Amz-SignedHeaders=host&X-Amz-Signature=20fb9a4ed1688c0bec6b52f87538b87ade48e5e04e7d4ac24345f8200f5e41ef
c7dbdc73-c3ec-4ad2-94d1-583697be4da4,e3548a3f-a928-4a05-95eb-672644bb5033,Par-Operational Risk Medium (dependence on i.txt,txt,,awaiting_upload_post_processing,2024-09-09T00:43:02.899742,2024-09-09T00:43:03.068584,https://s3.us-east-1.amazonaws.com/istari-file-service-auth-dev/f4357118-698e-40ae-ae69-623041f58c7a?X-Amz-Algorithm=AWS4-HMAC-SHA256&X-Amz-Credential=AKIAYKVZV47CU4P6Y7II%2F20240909%2Fus-east-1%2Fs3%2Faws4_request&X-Amz-Date=20240909T113353Z&X-Amz-Expires=30&X-Amz-SignedHeaders=host&X-Amz-Signature=d9d6ae9d6d5baab7c8d987500ec78f5b26832b6dabf444396df3bd1764d0ceb7
c7dbdc73-c3ec-4ad2-94d1-583697be4da4,3631a38c-cc82-4c6a-93a4-4222b7747524,Par-Alternative C Eagle Eye 3000.txt,txt,,awaiting_upload_post_processing,2024-09-09T00:43:03.303197,2024-09-09T00:43:03.552230,https://s3.us-east-1.amazonaws.com/istari-file-service-auth-dev/b023c088-215c-48fe-89eb-d09ed780fc1f?X-Amz-Algorithm=AWS4-HMAC-SHA256&X-Amz-Credential=AKIAYKVZV47CU4P6Y7II%2F20240909%2Fus-east-1%2Fs3%2Faws4_request&X-Amz-Date=20240909T113353Z&X-Amz-Expires=30&X-Amz-SignedHeaders=host&X-Amz-Signature=01e2ffed00b9be150b6fb2094596c37ea50f691ff42610649a493ca6dfbba75a
c7dbdc73-c3ec-4ad2-94d1-583697be4da4,be599d62-8f28-4912-a905-f3395010ad89,Par-Technical Risk Low (proven technology).txt,txt,,awaiting_upload_post_processing,2024-09-09T00:43:04.776530,2024-09-09T00:43:05.109035,https://s3.us-east-1.amazonaws.com/istari-file-service-auth-dev/b3d4b23f-4784-411d-898d-c5d3f5ddbf91?X-Amz-Algorithm=AWS4-HMAC-SHA256&X-Amz-Credential=AKIAYKVZV47CU4P6Y7II%2F20240909%2Fus-east-1%2Fs3%2Faws4_request&X-Amz-Date=20240909T113353Z&X-Amz-Expires=30&X-Amz-SignedHeaders=host&X-Amz-Signature=2cb92776315bb816649501c678ce42819de19f048564bdc17f84c32aed529d7a
c7dbdc73-c3ec-4ad2-94d1-583697be4da4,06445092-04e7-47c8-88d7-c583dabaf972,Par-Operational Risk Medium (balanced capabi.txt,txt,,awaiting_upload_post_processing,2024-09-09T00:43:05.372714,2024-09-09T00:43:05.581590,https://s3.us-east-1.amazonaws.com/istari-file-service-auth-dev/5c8460fa-dc36-41ac-a097-a0745fe6196c?X-Amz-Algorithm=AWS4-HMAC-SHA256&X-Amz-Credential=AKIAYKVZV47CU4P6Y7II%2F20240909%2Fus-east-1%2Fs3%2Faws4_request&X-Amz-Date=20240909T113354Z&X-Amz-Expires=30&X-Amz-SignedHeaders=host&X-Amz-Signature=db3a24aa06c6ae22f322cd04eab58b54f7fe55768297f8e26732f584702d3de1
c7dbdc73-c3ec-4ad2-94d1-583697be4da4,8d2b661c-dc97-40ac-a5a4-182c8b5670dd,Par-4.4 Technical Maturity.txt,txt,,awaiting_upload_post_processing,2024-09-09T00:43:05.795405,2024-09-09T00:43:05.992999,https://s3.us-east-1.amazonaws.com/istari-file-service-auth-dev/5ff00f60-1224-425a-9763-333d225d37be?X-Amz-Algorithm=AWS4-HMAC-SHA256&X-Amz-Credential=AKIAYKVZV47CU4P6Y7II%2F20240909%2Fus-east-1%2Fs3%2Faws4_request&X-Amz-Date=20240909T113354Z&X-Amz-Expires=30&X-Amz-SignedHeaders=host&X-Amz-Signature=9df048259022bae7cb02150ab54ce0f2054f4e770e68fa002922a5835e138cae
c7dbdc73-c3ec-4ad2-94d1-583697be4da4,ccf39a9d-43a3-47ea-b44e-67af22fba0e5,Par-Alternative A Raven X3.txt,txt,,awaiting_upload_post_processing,2024-09-09T00:43:06.199654,2024-09-09T00:43:06.357303,https://s3.us-east-1.amazonaws.com/istari-file-service-auth-dev/8347380b-0fe7-4dfb-a4f9-e758bbef2e36?X-Amz-Algorithm=AWS4-HMAC-SHA256&X-Amz-Credential=AKIAYKVZV47CU4P6Y7II%2F20240909%2Fus-east-1%2Fs3%2Faws4_request&X-Amz-Date=20240909T113354Z&X-Amz-Expires=30&X-Amz-SignedHeaders=host&X-Amz-Signature=2126632aaf919771d0b0240daa540c4cb24a4ad96475843a54eaece4dc6f1d75
c7dbdc73-c3ec-4ad2-94d1-583697be4da4,326a5047-f2fc-4dde-bce0-2a020940c3e0,Par-TRL 7 (Prototype demonstration in operat.txt,txt,,awaiting_upload_post_processing,2024-09-09T00:43:06.664503,2024-09-09T00:43:06.886731,https://s3.us-east-1.amazonaws.com/istari-file-service-auth-dev/436d8c9c-688c-42ae-bd20-ea1d993d5d02?X-Amz-Algorithm=AWS4-HMAC-SHA256&X-Amz-Credential=AKIAYKVZV47CU4P6Y7II%2F20240909%2Fus-east-1%2Fs3%2Faws4_request&X-Amz-Date=20240909T113354Z&X-Amz-Expires=30&X-Amz-SignedHeaders=host&X-Amz-Signature=bc7612f3ea86b51254c5c2517eceea6d7d23f800b5229aec5b1d131149a0e4d2
c7dbdc73-c3ec-4ad2-94d1-583697be4da4,dca3ea3b-fff3-4323-a741-444013de3728,Par-Alternative B SkyGuardian.txt,txt,,awaiting_upload_post_processing,2024-09-09T00:43:07.097801,2024-09-09T00:43:07.303913,https://s3.us-east-1.amazonaws.com/istari-file-service-auth-dev/dbbebc0b-00f7-4cb3-8f7e-8574b1eb14c6?X-Amz-Algorithm=AWS4-HMAC-SHA256&X-Amz-Credential=AKIAYKVZV47CU4P6Y7II%2F20240909%2Fus-east-1%2Fs3%2Faws4_request&X-Amz-Date=20240909T113355Z&X-Amz-Expires=30&X-Amz-SignedHeaders=host&X-Amz-Signature=17656e5ea3c96f6838af0902e8b684d7f20cfe5d86ff999c66838b0b13139da9
c7dbdc73-c3ec-4ad2-94d1-583697be4da4,f2d5c382-fe4f-4d7a-9434-a6559a44258d,Par-TRL 6 (Systemsubsystem model or prototyp.txt,txt,,awaiting_upload_post_processing,2024-09-09T00:43:07.491464,2024-09-09T00:43:07.742833,https://s3.us-east-1.amazonaws.com/istari-file-service-auth-dev/2d614f0f-541d-4639-859d-790507c008a6?X-Amz-Algorithm=AWS4-HMAC-SHA256&X-Amz-Credential=AKIAYKVZV47CU4P6Y7II%2F20240909%2Fus-east-1%2Fs3%2Faws4_request&X-Amz-Date=20240909T113355Z&X-Amz-Expires=30&X-Amz-SignedHeaders=host&X-Amz-Signature=5623373ce630969a16a3a4110886e4f92ee251ef7413cf66b620379bc286b92f
c7dbdc73-c3ec-4ad2-94d1-583697be4da4,9a8b6b61-c5a7-4ddf-9543-83a65f0941ec,Par-Alternative C Eagle Eye 3000.txt,txt,,awaiting_upload_post_processing,2024-09-09T00:43:07.998498,2024-09-09T00:43:08.213776,https://s3.us-east-1.amazonaws.com/istari-file-service-auth-dev/2e2da031-9c35-484e-b482-f1808445047e?X-Amz-Algorithm=AWS4-HMAC-SHA256&X-Amz-Credential=AKIAYKVZV47CU4P6Y7II%2F20240909%2Fus-east-1%2Fs3%2Faws4_request&X-Amz-Date=20240909T113355Z&X-Amz-Expires=30&X-Amz-SignedHeaders=host&X-Amz-Signature=e1174de171fb7fc0e5305c582416e1009041c348c63f12c31be57c19e26a7371
c7dbdc73-c3ec-4ad2-94d1-583697be4da4,a6792438-b647-49ee-b6af-6cd56d6ce64d,Par-TRL 8 (Actual system completed and quali.txt,txt,,awaiting_upload_post_processing,2024-09-09T00:43:08.492279,2024-09-09T00:43:08.708263,https://s3.us-east-1.amazonaws.com/istari-file-service-auth-dev/4d0906ba-d30e-4a05-b25c-67a9e3120fe4?X-Amz-Algorithm=AWS4-HMAC-SHA256&X-Amz-Credential=AKIAYKVZV47CU4P6Y7II%2F20240909%2Fus-east-1%2Fs3%2Faws4_request&X-Amz-Date=20240909T113355Z&X-Amz-Expires=30&X-Amz-SignedHeaders=host&X-Amz-Signature=fe1ae4d10613e182072e185bb81d23e66a5b0a63827325f4663e7cfe634a645f
c7dbdc73-c3ec-4ad2-94d1-583697be4da4,afd34522-cecb-48ce-9f05-54718565bfc3,Par-5. Recommendation.txt,txt,,awaiting_upload_post_processing,2024-09-09T00:43:08.986922,2024-09-09T00:43:09.142228,https://s3.us-east-1.amazonaws.com/istari-file-service-auth-dev/0c54cca1-50dc-4f59-bc51-703073b6a1cd?X-Amz-Algorithm=AWS4-HMAC-SHA256&X-Amz-Credential=AKIAYKVZV47CU4P6Y7II%2F20240909%2Fus-east-1%2Fs3%2Faws4_request&X-Amz-Date=20240909T113355Z&X-Amz-Expires=30&X-Amz-SignedHeaders=host&X-Amz-Signature=218aa979fb7655405be1d678f2605a7e4e765b8f84507d0debea9f6110548d5c
c7dbdc73-c3ec-4ad2-94d1-583697be4da4,665f8344-5d45-4559-804f-a5bea773016c,Par-Based on the evaluation of operational e.txt,txt,,awaiting_upload_post_processing,2024-09-09T00:43:09.407338,2024-09-09T00:43:09.651895,https://s3.us-east-1.amazonaws.com/istari-file-service-auth-dev/1332d230-d6ad-4739-9955-0460d5c2e020?X-Amz-Algorithm=AWS4-HMAC-SHA256&X-Amz-Credential=AKIAYKVZV47CU4P6Y7II%2F20240909%2Fus-east-1%2Fs3%2Faws4_request&X-Amz-Date=20240909T113356Z&X-Amz-Expires=30&X-Amz-SignedHeaders=host&X-Amz-Signature=29c6e88a19f3fac21c3dfbcdf40e6caa62efe5db25dc35566acbaf66cdc113aa
c7dbdc73-c3ec-4ad2-94d1-583697be4da4,d99e64d7-e0d0-404c-b70d-d6bd3d33fcae,Par-6. Conclusion.txt,txt,,awaiting_upload_post_processing,2024-09-09T00:43:09.937555,2024-09-09T00:43:10.115870,https://s3.us-east-1.amazonaws.com/istari-file-service-auth-dev/23cffafe-2e80-4309-ac12-d98577cdab4b?X-Amz-Algorithm=AWS4-HMAC-SHA256&X-Amz-Credential=AKIAYKVZV47CU4P6Y7II%2F20240909%2Fus-east-1%2Fs3%2Faws4_request&X-Amz-Date=20240909T113356Z&X-Amz-Expires=30&X-Amz-SignedHeaders=host&X-Amz-Signature=7e6817bb2e4b8afd5c8a9502307b0430bca58581bccd2de6dfa8993a9774e68f
c7dbdc73-c3ec-4ad2-94d1-583697be4da4,571e990c-8b99-48d6-8f7c-7c29a85111c6,Par-This AoA provides a comprehensive compar.txt,txt,,awaiting_upload_post_processing,2024-09-09T00:43:10.441445,2024-09-09T00:43:10.646318,https://s3.us-east-1.amazonaws.com/istari-file-service-auth-dev/257fd64d-aacb-4f98-b6a6-716db0a8a1e0?X-Amz-Algorithm=AWS4-HMAC-SHA256&X-Amz-Credential=AKIAYKVZV47CU4P6Y7II%2F20240909%2Fus-east-1%2Fs3%2Faws4_request&X-Amz-Date=20240909T113356Z&X-Amz-Expires=30&X-Amz-SignedHeaders=host&X-Amz-Signature=e2d9fb4770579febaeb30023b14b5b533adb07411faae73f82d05e1ba7884bf2
c7dbdc73-c3ec-4ad2-94d1-583697be4da4,6dd520f5-f37f-42df-93e0-24b6b19d687e,image1.png,png,,awaiting_upload_post_processing,2024-09-09T00:43:11.377053,2024-09-09T00:43:12.079412,https://s3.us-east-1.amazonaws.com/istari-file-service-auth-dev/f56b3cb7-9a57-4d72-ba8f-145ff2a38e8d?X-Amz-Algorithm=AWS4-HMAC-SHA256&X-Amz-Credential=AKIAYKVZV47CU4P6Y7II%2F20240909%2Fus-east-1%2Fs3%2Faws4_request&X-Amz-Date=20240909T113356Z&X-Amz-Expires=30&X-Amz-SignedHeaders=host&X-Amz-Signature=01b6af26104e869389df54ece90266dcf6a73b88a0e3e6188e8da7f5d53e24de
c7dbdc73-c3ec-4ad2-94d1-583697be4da4,bd44b065-3db0-4d67-8377-8aa389340b14,word_output,docx,,awaiting_upload_post_processing,2024-09-09T00:42:18.173293,2024-09-09T00:43:12.410581,https://s3.us-east-1.amazonaws.com/istari-file-service-auth-dev/f3aef82a-60cc-49e0-9eca-ec87bc520408?X-Amz-Algorithm=AWS4-HMAC-SHA256&X-Amz-Credential=AKIAYKVZV47CU4P6Y7II%2F20240909%2Fus-east-1%2Fs3%2Faws4_request&X-Amz-Date=20240909T113356Z&X-Amz-Expires=30&X-Amz-SignedHeaders=host&X-Amz-Signature=5b40dd1574cd744495464e7a39dc92531693fb09ad8657d768a3854778f3bb18
